1.238;0;1.238
1.275;0;1.275
1.25;0;1.25
1.238;0;1.238
1.213;0;1.213
1.213;0;1.213
1.263;0;1.263
1.275;0;1.275
1.338;0;1.338
1.3;0;1.3
1.275;0;1.275
1.25;0;1.25
1.225;0;1.225
1.238;0;1.238
1.238;0;1.238
1.275;0;1.275
1.263;0;1.263
1.225;0;1.225
1.225;0;1.225
1.213;0;1.213
2.65;0;2.65
3.313;0;3.313
3.363;0;3.363
3.375;0;3.375
3.488;0;3.488
3.375;0;3.375
3.35;0;3.35
3.35;0;3.35
3.363;0;3.363
3.375;0;3.375
3.338;0;3.338
3.338;0;3.338
3.375;0;3.375
3.338;0;3.338
3.338;0;3.338
3.313;0;3.313
3.338;0;3.338
3.375;0;3.375
3.325;0;3.325
3.388;0;3.388
3.338;0;3.338
3.3;0;3.3
3.3;0;3.3
3.263;0;3.263
3.225;0;3.225
3.2;0;3.2
3.175;0;3.175
3.075;0;3.075
3.113;0;3.113
3.038;0;3.038
3.1;0;3.1
3.113;0;3.113
3.1;0;3.1
3.075;0;3.075
3.1;0;3.1
3.225;0;3.225
3.188;0;3.188
3.175;0;3.175
3.2;0;3.2
3.225;0;3.225
3.338;0;3.338
3.35;0;3.35
3.475;0;3.475
3.375;0;3.375
3.375;0;3.375
3.313;0;3.313
3.325;0;3.325
3.313;0;3.313
3.338;0;3.338
3.35;0;3.35
3.388;0;3.388
3.363;0;3.363
1.8;0;1.8
1.275;0;1.275
1.238;0;1.238
1.325;0;1.325
1.263;0;1.263
1.3;0;1.3
1.263;0;1.263
1.263;0;1.263
1.288;0;1.288
1.25;0;1.25
1.263;0;1.263
1.263;0;1.263
1.25;0;1.25
1.263;0;1.263
1.238;0;1.238
1.238;0;1.238
1.325;0;1.325
1.238;0;1.238
1.213;0;1.213
1.238;0;1.238
1.25;0;1.25
1.288;0;1.288
1.25;0;1.25
1.25;0;1.25
1.275;0;1.275
1.263;0;1.263
1.263;0;1.263
1.275;0;1.275
1.338;0;1.338
1.15;0;1.15
1.075;0;1.075
1.175;0;1.175
1.1;0;1.1
1.088;0;1.088
1.063;0;1.063
1.1;0;1.1
1.113;0;1.113
1.063;0;1.063
1.075;0;1.075
1.125;0;1.125
1.113;0;1.113
1.15;0;1.15
1.275;0;1.275
1.313;0;1.313
2.613;0;2.613
3.188;0;3.188
3.225;0;3.225
3.2;0;3.2
3.213;0;3.213
3.225;0;3.225
3.213;0;3.213
3.263;0;3.263
3.213;0;3.213
3.2;0;3.2
3.275;0;3.275
3.225;0;3.225
3.975;0;3.975
4.213;0;4.213
4.525;0;4.525
5.325;0;5.325
5.188;0;5.188
4.525;0;4.525
4.163;0;4.163
4.538;0;4.538
4.488;0;4.488
1.625;0;1.625
0.5;0;0.5
0.45;-0.275;0.175
0;-2.238;-2.238
2.475;0;2.475
0.613;-2.25;-1.638
0.025;-2.963;-2.938
0;-3.388;-3.388
0;-3.713;-3.713
0;-3.313;-3.313
0.063;-3.2;-3.138
1.413;-0.613;0.8
2.963;0;2.963
2.625;0;2.625
0.575;-2.163;-1.588
0.338;-2.088;-1.75
2.25;-0.725;1.525
4.263;0;4.263
3.025;-0.075;2.95
2.175;0;2.175
1.675;0;1.675
4.138;0;4.138
4.388;0;4.388
4.638;0;4.638
4.5;0;4.5
4.6;0;4.6
4.575;0;4.575
4.275;0;4.275
3.738;0;3.738
3.75;0;3.75
3.813;0;3.813
2.3;0;2.3
2.15;0;2.15
1.513;0;1.513
1.563;0;1.563
1.288;0;1.288
1.288;0;1.288
1.313;0;1.313
1.275;0;1.275
1.275;0;1.275
1.25;0;1.25
1.3;0;1.3
1.275;0;1.275
1.288;0;1.288
1.313;0;1.313
1.363;0;1.363
1.3;0;1.3
1.313;0;1.313
1.275;0;1.275
1.288;0;1.288
1.288;0;1.288
1.275;0;1.275
1.3;0;1.3
1.263;0;1.263
1.275;0;1.275
1.263;0;1.263
1.275;0;1.275
1.275;0;1.275
1.263;0;1.263
1.288;0;1.288
1.4;0;1.4
1.275;0;1.275
1.263;0;1.263
1.3;0;1.3
1.3;0;1.3
1.313;0;1.313
1.275;0;1.275
1.3;0;1.3
1.313;0;1.313
1.288;0;1.288
1.275;0;1.275
1.3;0;1.3
1.3;0;1.3
1.338;0;1.338
1.275;0;1.275
2.6;0;2.6
3.238;0;3.238
3.238;0;3.238
3.25;0;3.25
3.3;0;3.3
3.238;0;3.238
3.238;0;3.238
3.213;0;3.213
3.25;0;3.25
3.238;0;3.238
3.263;0;3.263
3.288;0;3.288
3.275;0;3.275
3.513;0;3.513
4.188;0;4.188
4.25;0;4.25
4.313;0;4.313
3.975;0;3.975
3.65;0;3.65
3.163;0;3.163
3.1;0;3.1
3.688;0;3.688
3.863;0;3.863
3.825;0;3.825
3.2;0;3.2
2.55;-0.038;2.513
3.15;0;3.15
3.413;0;3.413
3.288;0;3.288
2.813;0;2.813
2.738;0;2.738
1.363;-0.688;0.675
3.463;0;3.463
2.813;0;2.813
1.4;-0.263;1.138
2.625;0;2.625
2.925;0;2.925
3.225;0;3.225
2.338;0;2.338
2.113;-0.025;2.088
3.838;0;3.838
3.9;0;3.9
3.638;0;3.638
3.65;0;3.65
4.238;0;4.238
4.225;0;4.225
4.275;0;4.275
4.2;0;4.2
4.113;0;4.113
3.85;0;3.85
4.025;0;4.025
3.975;0;3.975
2.463;0;2.463
1.363;0;1.363
1.313;0;1.313
1.35;0;1.35
1.3;0;1.3
1.313;0;1.313
1.313;0;1.313
1.338;0;1.338
1.313;0;1.313
1.288;0;1.288
1.313;0;1.313
1.375;0;1.375
1.325;0;1.325
1.3;0;1.3
1.313;0;1.313
1.363;0;1.363
1.325;0;1.325
1.338;0;1.338
1.338;0;1.338
1.313;0;1.313
1.313;0;1.313
1.325;0;1.325
1.35;0;1.35
1.363;0;1.363
1.375;0;1.375
1.3;0;1.3
1.313;0;1.313
1.3;0;1.3
1.275;0;1.275
1.313;0;1.313
1.375;0;1.375
1.325;0;1.325
1.313;0;1.313
1.338;0;1.338
1.338;0;1.338
1.338;0;1.338
1.338;0;1.338
1.388;0;1.388
1.35;0;1.35
1.288;0;1.288
1.313;0;1.313
1.313;0;1.313
1.338;0;1.338
1.288;0;1.288
1.313;0;1.313
1.313;0;1.313
1.338;0;1.338
1.288;0;1.288
1.3;0;1.3
1.35;0;1.35
1.425;0;1.425
1.325;0;1.325
1.325;0;1.325
1.325;0;1.325
1.363;0;1.363
1.313;0;1.313
1.3;0;1.3
1.288;0;1.288
1.3;0;1.3
1.3;0;1.3
1.3;0;1.3
1.125;0;1.125
1.075;0;1.075
1;0;1
0.675;0;0.675
0.588;0;0.588
0.438;0;0.438
0.513;0;0.513
0.013;-0.088;-0.075
0;-0.175;-0.175
0;-0.388;-0.388
0.013;-0.438;-0.425
0;-0.138;-0.138
0.188;-0.013;0.175
0.388;0;0.388
0.35;0;0.35
0.688;0;0.688
0.538;0;0.538
0.55;0;0.55
0.325;-0.075;0.25
0.425;0;0.425
0.113;-0.1;0.013
0.2;0;0.2
0.3;0;0.3
0;-0.35;-0.35
0;-0.3;-0.3
0.113;-0.038;0.075
0.6;0;0.6
0.913;0;0.913
1.275;0;1.275
1.275;0;1.275
1.313;0;1.313
1.313;0;1.313
1.263;0;1.263
1.3;0;1.3
1.338;0;1.338
1.313;0;1.313
1.3;0;1.3
1.313;0;1.313
1.325;0;1.325
1.338;0;1.338
1.325;0;1.325
1.313;0;1.313
1.45;0;1.45
1.35;0;1.35
1.325;0;1.325
1.313;0;1.313
1.313;0;1.313
1.313;0;1.313
1.3;0;1.3
1.35;0;1.35
1.35;0;1.35
1.3;0;1.3
1.3;0;1.3
1.3;0;1.3
1.338;0;1.338
1.363;0;1.363
1.313;0;1.313
1.35;0;1.35
1.313;0;1.313
1.338;0;1.338
1.4;0;1.4
1.325;0;1.325
1.3;0;1.3
1.325;0;1.325
1.313;0;1.313
1.338;0;1.338
1.3;0;1.3
1.4;0;1.4
1.325;0;1.325
1.325;0;1.325
1.3;0;1.3
1.3;0;1.3
1.3;0;1.3
1.363;0;1.363
1.3;0;1.3
1.313;0;1.313
1.325;0;1.325
1.313;0;1.313
1.3;0;1.3
1.313;0;1.313
1.425;0;1.425
1.3;0;1.3
1.313;0;1.313
1.313;0;1.313
1.3;0;1.3
1.313;0;1.313
1.3;0;1.3
1.313;0;1.313
1.338;0;1.338
1.325;0;1.325
1.313;0;1.313
1.35;0;1.35
1.338;0;1.338
1.388;0;1.388
1.3;0;1.3
1.263;0;1.263
1.338;0;1.338
1.275;0;1.275
1.275;0;1.275
1.288;0;1.288
1.3;0;1.3
1.3;0;1.3
1.263;0;1.263
1.288;0;1.288
1.338;0;1.338
1.275;0;1.275
1.863;0;1.863
1.975;0;1.975
1.9;0;1.9
1.375;0;1.375
1.35;0;1.35
1.4;0;1.4
1.388;0;1.388
1.388;0;1.388
1.325;0;1.325
1.25;0;1.25
1.3;0;1.3
1.238;0;1.238
1.063;0;1.063
1.213;0;1.213
1.05;0;1.05
1.088;0;1.088
1.163;0;1.163
1.25;0;1.25
1.188;0;1.188
1.2;0;1.2
1.25;0;1.25
1.288;0;1.288
1.2;0;1.2
1.3;0;1.3
1.325;0;1.325
1.313;0;1.313
1.3;0;1.3
1.238;0;1.238
1.375;0;1.375
1.3;0;1.3
1.25;0;1.25
1.263;0;1.263
1.288;0;1.288
1.275;0;1.275
1.25;0;1.25
1.3;0;1.3
1.275;0;1.275
1.288;0;1.288
1.3;0;1.3
1.263;0;1.263
1.275;0;1.275
1.388;0;1.388
1.288;0;1.288
1.313;0;1.313
1.325;0;1.325
1.3;0;1.3
1.275;0;1.275
1.263;0;1.263
1.275;0;1.275
1.288;0;1.288
1.275;0;1.275
1.238;0;1.238
1.3;0;1.3
1.313;0;1.313
1.338;0;1.338
1.288;0;1.288
1.275;0;1.275
1.25;0;1.25
1.125;0;1.125
1.175;0;1.175
1.15;0;1.15
1.15;0;1.15
1.15;0;1.15
1.113;0;1.113
1.15;0;1.15
1.125;0;1.125
1.163;0;1.163
1.125;0;1.125
1.1;0;1.1
2.525;0;2.525
3.25;0;3.25
3.175;0;3.175
3.213;0;3.213
3.225;0;3.225
3.225;0;3.225
3.225;0;3.225
3.225;0;3.225
3.963;0;3.963
4.188;0;4.188
4.488;0;4.488
4.338;0;4.338
4.2;0;4.2
4.425;0;4.425
5.013;0;5.013
6.15;0;6.15
6.975;0;6.975
7.088;0;7.088
7.013;0;7.013
6.375;0;6.375
6.813;0;6.813
6.838;0;6.838
6.663;0;6.663
6.563;0;6.563
6.588;0;6.588
6.188;0;6.188
6.45;0;6.45
5.138;0;5.138
4.35;0;4.35
4.3;0;4.3
7.15;0;7.15
6.725;0;6.725
6.788;0;6.788
7.375;0;7.375
7.45;0;7.45
7.338;0;7.338
7.525;0;7.525
6.025;0;6.025
6.288;0;6.288
6.1;0;6.1
4.675;0;4.675
4.863;0;4.863
5.175;0;5.175
5.25;0;5.25
5.5;0;5.5
5;0;5
5.4;0;5.4
4.888;0;4.888
4.825;0;4.825
4.663;0;4.663
5;0;5
4.325;0;4.325
2.55;0;2.55
2.45;0;2.45
1.25;0;1.25
1.213;0;1.213
1.488;0;1.488
1.3;0;1.3
1.213;0;1.213
1.188;0;1.188
1.188;0;1.188
1.188;0;1.188
1.2;0;1.2
1.238;0;1.238
1.163;0;1.163
1.288;0;1.288
1.175;0;1.175
1.213;0;1.213
1.2;0;1.2
1.225;0;1.225
1.25;0;1.25
1.188;0;1.188
1.175;0;1.175
1.175;0;1.175
1.213;0;1.213
1.163;0;1.163
1.125;0;1.125
1.125;0;1.125
1.288;0;1.288
1.15;0;1.15
1.163;0;1.163
1.138;0;1.138
1.138;0;1.138
1.138;0;1.138
1.213;0;1.213
1.35;0;1.35
1.3;0;1.3
1.288;0;1.288
1.325;0;1.325
1.338;0;1.338
1.325;0;1.325
1.375;0;1.375
1.313;0;1.313
1.363;0;1.363
1.313;0;1.313
1.3;0;1.3
2.575;0;2.575
3.213;0;3.213
3.25;0;3.25
3.263;0;3.263
3.3;0;3.3
3.275;0;3.275
3.263;0;3.263
3.3;0;3.3
3.888;0;3.888
4.175;0;4.175
4.138;0;4.138
4.188;0;4.188
4.65;0;4.65
5.088;0;5.088
4.813;0;4.813
5.938;0;5.938
8.213;0;8.213
8.038;0;8.038
7.8;0;7.8
5.913;0;5.913
5.663;0;5.663
5.65;0;5.65
5.575;0;5.575
5.363;0;5.363
4.825;0;4.825
3.825;0;3.825
2.113;-0.488;1.625
0.025;-3.163;-3.138
0.113;-2.888;-2.775
0.013;-4.075;-4.063
1.638;-1.263;0.375
3.4;0;3.4
3.713;-0.025;3.688
2.675;-0.088;2.588
4.113;-0.138;3.975
5.475;0;5.475
4.95;0;4.95
3.988;0;3.988
1.913;-0.825;1.088
3.15;-0.263;2.888
3.238;0;3.238
1.65;-0.013;1.638
1.613;0;1.613
2.638;0;2.638
4.3;0;4.3
4.875;0;4.875
4.988;0;4.988
4.95;0;4.95
4.85;0;4.85
4.688;0;4.688
4.688;0;4.688
4.25;0;4.25
2.425;0;2.425
1.888;0;1.888
1.8;0;1.8
1.825;0;1.825
1.525;0;1.525
1.638;0;1.638
2.013;0;2.013
2.088;0;2.088
1.9;0;1.9
1.5;0;1.5
1.325;0;1.325
1.35;0;1.35
1.363;0;1.363
1.375;0;1.375
1.388;0;1.388
1.35;0;1.35
1.388;0;1.388
1.35;0;1.35
1.438;0;1.438
1.363;0;1.363
1.338;0;1.338
1.35;0;1.35
1.35;0;1.35
1.388;0;1.388
1.363;0;1.363
1.363;0;1.363
1.35;0;1.35
1.35;0;1.35
1.35;0;1.35
1.363;0;1.363
1.375;0;1.375
1.4;0;1.4
1.45;0;1.45
1.375;0;1.375
1.375;0;1.375
1.325;0;1.325
1.325;0;1.325
1.338;0;1.338
1.35;0;1.35
1.4;0;1.4
1.375;0;1.375
1.35;0;1.35
1.35;0;1.35
1.35;0;1.35
2.725;0;2.725
3.338;0;3.338
3.325;0;3.325
3.35;0;3.35
3.325;0;3.325
3.313;0;3.313
3.3;0;3.3
3.3;0;3.3
3.988;0;3.988
4.3;0;4.3
4.663;0;4.663
4.213;0;4.213
4.463;0;4.463
4.55;0;4.55
4.638;0;4.638
4.75;0;4.75
5.4;0;5.4
5.125;0;5.125
4.213;0;4.213
3.263;0;3.263
2.488;0;2.488
1.363;0;1.363
0.55;0;0.55
0.15;-0.313;-0.163
0;-1.05;-1.05
0.05;-1.1;-1.05
0.038;-2.088;-2.05
0;-1.6;-1.6
0.325;-1.05;-0.725
0.063;-1.15;-1.088
0.125;-0.788;-0.663
0.875;-0.125;0.75
2.588;0;2.588
1.438;0;1.438
0.575;-0.025;0.55
2;0;2
3.4;0;3.4
3.313;0;3.313
2.975;0;2.975
1.6;0;1.6
2.538;0;2.538
4.2;0;4.2
4.363;0;4.363
4.475;0;4.475
4.625;0;4.625
4.875;0;4.875
4.888;0;4.888
4.9;0;4.9
4.863;0;4.863
4.613;0;4.613
4.563;0;4.563
4.5;0;4.5
3.088;0;3.088
2.825;0;2.825
2.65;0;2.65
1.713;0;1.713
1.388;0;1.388
1.338;0;1.338
1.363;0;1.363
1.7;0;1.7
1.525;0;1.525
1.325;0;1.325
1.338;0;1.338
1.388;0;1.388
1.388;0;1.388
1.363;0;1.363
1.35;0;1.35
1.363;0;1.363
1.425;0;1.425
1.338;0;1.338
1.313;0;1.313
1.325;0;1.325
1.413;0;1.413
1.338;0;1.338
1.338;0;1.338
1.338;0;1.338
1.388;0;1.388
1.325;0;1.325
1.338;0;1.338
1.325;0;1.325
1.363;0;1.363
1.363;0;1.363
1.375;0;1.375
1.375;0;1.375
1.363;0;1.363
1.513;0;1.513
1.325;0;1.325
1.325;0;1.325
1.35;0;1.35
1.438;0;1.438
1.325;0;1.325
1.325;0;1.325
1.325;0;1.325
1.35;0;1.35
1.313;0;1.313
1.338;0;1.338
2.638;0;2.638
3.275;0;3.275
3.288;0;3.288
3.35;0;3.35
3.225;0;3.225
3.288;0;3.288
3.3;0;3.3
3.288;0;3.288
4;0;4
4.2;0;4.2
4.225;0;4.225
4.225;0;4.225
4.238;0;4.238
4.85;0;4.85
7.338;0;7.338
7.963;0;7.963
8.475;0;8.475
6.888;0;6.888
6.038;0;6.038
5.9;0;5.9
5.6;0;5.6
4.975;0;4.975
4.275;0;4.275
3.813;0;3.813
4.125;0;4.125
3.85;0;3.85
2.538;-1.3;1.238
1.288;-1.138;0.15
2.338;-0.388;1.95
0.113;-3.65;-3.538
1.8;-0.625;1.175
0;-4;-4
0.225;-3.325;-3.1
0;-3.775;-3.775
0;-3.425;-3.425
2.65;-1.35;1.3
1.013;-2.163;-1.15
0.05;-3.238;-3.188
0.625;-0.913;-0.288
0;-0.9;-0.9
0.013;-0.663;-0.65
2.413;-0.088;2.325
4.7;0;4.7
2.8;0;2.8
4.788;0;4.788
4.913;0;4.913
4.95;0;4.95
4.9;0;4.9
4.788;0;4.788
4.713;0;4.713
4.963;0;4.963
4.263;0;4.263
3.163;0;3.163
2.3;0;2.3
1.85;0;1.85
2.088;0;2.088
1.863;0;1.863
1.35;0;1.35
1.325;0;1.325
1.525;0;1.525
1.613;0;1.613
1.35;0;1.35
1.325;0;1.325
1.325;0;1.325
1.325;0;1.325
1.313;0;1.313
1.338;0;1.338
1.35;0;1.35
1.3;0;1.3
1.325;0;1.325
1.3;0;1.3
1.313;0;1.313
1.35;0;1.35
1.438;0;1.438
1.338;0;1.338
1.338;0;1.338
1.325;0;1.325
1.313;0;1.313
1.275;0;1.275
1.288;0;1.288
1.413;0;1.413
1.275;0;1.275
1.288;0;1.288
1.325;0;1.325
1.325;0;1.325
1.288;0;1.288
1.263;0;1.263
1.325;0;1.325
1.338;0;1.338
1.3;0;1.3
1.338;0;1.338
1.325;0;1.325
1.325;0;1.325
1.375;0;1.375
1.313;0;1.313
1.313;0;1.313
2.663;0;2.663
3.2;0;3.2
3.313;0;3.313
3.263;0;3.263
3.3;0;3.3
3.3;0;3.3
3.275;0;3.275
3.288;0;3.288
4;0;4
4.2;0;4.2
4.213;0;4.213
4.225;0;4.225
4.3;0;4.3
4.238;0;4.238
4.25;0;4.25
4.45;0;4.45
6.338;0;6.338
5.363;0;5.363
4.475;0;4.475
3.875;0;3.875
2.325;0;2.325
0.938;0;0.938
0.625;-0.075;0.55
0.95;-0.45;0.5
0;-1.05;-1.05
0.038;-1.05;-1.013
0;-2.013;-2.013
0;-2.8;-2.8
0;-3.113;-3.113
0;-4.3;-4.3
0;-4.538;-4.538
0;-5.225;-5.225
0.663;-2.55;-1.888
0.988;-3.65;-2.663
0;-4.425;-4.425
0.013;-4.125;-4.113
1.55;-0.9;0.65
2.013;-0.013;2
2.05;0;2.05
2.6;0;2.6
3.475;0;3.475
3.25;0;3.25
3.863;0;3.863
4.45;0;4.45
4.388;0;4.388
4.5;0;4.5
4.475;0;4.475
4.488;0;4.488
4.325;0;4.325
4.138;0;4.138
3.7;0;3.7
3.55;0;3.55
2.025;0;2.025
2.363;0;2.363
2.313;0;2.313
2.363;0;2.363
2.263;0;2.263
1.3;0;1.3
1.288;0;1.288
1.325;0;1.325
1.35;0;1.35
1.325;0;1.325
1.338;0;1.338
1.363;0;1.363
1.413;0;1.413
1.313;0;1.313
1.288;0;1.288
1.338;0;1.338
1.325;0;1.325
1.325;0;1.325
1.288;0;1.288
1.35;0;1.35
1.313;0;1.313
1.3;0;1.3
1.3;0;1.3
1.338;0;1.338
1.338;0;1.338
1.375;0;1.375
1.313;0;1.313
1.35;0;1.35
1.3;0;1.3
1.3;0;1.3
1.3;0;1.3
1.288;0;1.288
1.388;0;1.388
1.325;0;1.325
1.3;0;1.3
1.338;0;1.338
1.313;0;1.313
1.325;0;1.325
1.413;0;1.413
1.35;0;1.35
1.35;0;1.35
1.3;0;1.3
1.338;0;1.338
1.313;0;1.313
1.3;0;1.3
1.3;0;1.3
1.3;0;1.3
1.35;0;1.35
1.35;0;1.35
1.3;0;1.3
1.325;0;1.325
1.425;0;1.425
1.338;0;1.338
1.313;0;1.313
1.313;0;1.313
1.288;0;1.288
1.325;0;1.325
1.325;0;1.325
1.313;0;1.313
1.25;0;1.25
0.938;0;0.938
0.2;-0.1;0.1
0;-0.638;-0.638
0;-1.475;-1.475
0;-2.875;-2.875
0;-3.625;-3.625
0;-4.438;-4.438
0;-5.5;-5.5
0;-5.838;-5.838
0;-6.275;-6.275
0;-6.738;-6.738
0;-7.075;-7.075
0;-7.5;-7.5
0;-7.75;-7.75
0;-8.213;-8.213
0;-7.913;-7.913
0;-8.775;-8.775
0;-5.05;-5.05
0;-7.863;-7.863
0;-7.525;-7.525
0;-7.225;-7.225
0;-8.513;-8.513
0;-7.3;-7.3
0;-1.575;-1.575
0;-3.988;-3.988
0;-3.375;-3.375
0;-2.513;-2.513
0;-1.2;-1.2
0;-0.638;-0.638
0.363;-0.013;0.35
0.938;0;0.938
1.138;0;1.138
1.1;0;1.1
1.15;0;1.15
1.125;0;1.125
1.25;0;1.25
1.313;0;1.313
1.3;0;1.3
1.3;0;1.3
1.363;0;1.363
1.3;0;1.3
1.288;0;1.288
1.3;0;1.3
1.325;0;1.325
1.375;0;1.375
1.325;0;1.325
1.3;0;1.3
1.363;0;1.363
1.325;0;1.325
1.313;0;1.313
1.313;0;1.313
1.313;0;1.313
1.325;0;1.325
1.313;0;1.313
1.325;0;1.325
1.338;0;1.338
1.338;0;1.338
1.35;0;1.35
1.3;0;1.3
1.3;0;1.3
1.313;0;1.313
1.313;0;1.313
1.325;0;1.325
1.338;0;1.338
1.363;0;1.363
1.325;0;1.325
1.288;0;1.288
1.288;0;1.288
1.3;0;1.3
1.3;0;1.3
1.388;0;1.388
1.35;0;1.35
1.35;0;1.35
1.313;0;1.313
1.3;0;1.3
1.338;0;1.338
1.313;0;1.313
1.313;0;1.313
1.325;0;1.325
1.363;0;1.363
1.3;0;1.3
1.3;0;1.3
1.313;0;1.313
1.375;0;1.375
1.3;0;1.3
1.275;0;1.275
1.3;0;1.3
1.375;0;1.375
1.325;0;1.325
1.313;0;1.313
1.3;0;1.3
1.325;0;1.325
1.313;0;1.313
1.3;0;1.3
1.275;0;1.275
1.388;0;1.388
1.2;0;1.2
1.05;0;1.05
0.9;0;0.9
0.65;0;0.65
0.5;0;0.5
0.175;0;0.175
0.063;-0.038;0.025
0.013;-0.375;-0.363
0.088;-0.063;0.025
0.038;-0.15;-0.113
0;-1.788;-1.788
0;-2.275;-2.275
0;-2.5;-2.5
0;-1.425;-1.425
0;-0.888;-0.888
0;-0.825;-0.825
0;-1.3;-1.3
0;-1.875;-1.875
0;-1.525;-1.525
0;-5.288;-5.288
0;-2.725;-2.725
0;-4.475;-4.475
0;-1.5;-1.5
0;-3.825;-3.825
0;-2.225;-2.225
0;-4.4;-4.4
0.013;-1.175;-1.163
0.638;-0.325;0.313
1.4;0;1.4
1.613;0;1.613
1.913;0;1.913
1.938;0;1.938
1.938;0;1.938
2.025;0;2.025
1.763;0;1.763
1.325;0;1.325
1.313;0;1.313
1.325;0;1.325
1.35;0;1.35
1.3;0;1.3
1.313;0;1.313
1.3;0;1.3
1.313;0;1.313
1.325;0;1.325
1.313;0;1.313
1.375;0;1.375
1.338;0;1.338
1.325;0;1.325
1.313;0;1.313
1.3;0;1.3
1.325;0;1.325
1.35;0;1.35
1.325;0;1.325
1.313;0;1.313
1.325;0;1.325
1.313;0;1.313
1.313;0;1.313
1.3;0;1.3
1.3;0;1.3
1.3;0;1.3
1.3;0;1.3
1.413;0;1.413
1.325;0;1.325
1.313;0;1.313
1.338;0;1.338
1.325;0;1.325
1.325;0;1.325
1.325;0;1.325
1.313;0;1.313
1.325;0;1.325
1.313;0;1.313
1.313;0;1.313
1.375;0;1.375
1.3;0;1.3
1.325;0;1.325
1.338;0;1.338
1.325;0;1.325
1.425;0;1.425
1.313;0;1.313
1.338;0;1.338
2.625;0;2.625
3.288;0;3.288
3.263;0;3.263
3.225;0;3.225
3.225;0;3.225
3.288;0;3.288
3.325;0;3.325
3.313;0;3.313
4.138;0;4.138
4.288;0;4.288
4.288;0;4.288
4.263;0;4.263
4.375;0;4.375
4.775;0;4.775
4.7;0;4.7
5.95;0;5.95
5.963;0;5.963
6.113;0;6.113
5.838;0;5.838
3.138;0;3.138
2.3;0;2.3
1.438;0;1.438
0.738;-0.013;0.725
0;-0.85;-0.85
0;-1.388;-1.388
0;-1.975;-1.975
0;-2.625;-2.625
0;-3.038;-3.038
0;-3.588;-3.588
0;-3.875;-3.875
0;-3.638;-3.638
0;-4.075;-4.075
0;-4.15;-4.15
0;-3.538;-3.538
0;-3.8;-3.8
0;-3.15;-3.15
0;-3.35;-3.35
0;-3.413;-3.413
0;-2.425;-2.425
0.013;-0.763;-0.75
0.025;-0.45;-0.425
0.575;-0.05;0.525
1.463;0;1.463
2.4;0;2.4
4.125;0;4.125
4.475;0;4.475
5.488;0;5.488
5.25;0;5.25
5.438;0;5.438
5.063;0;5.063
5.338;0;5.338
4.813;0;4.813
3.725;0;3.725
2.575;0;2.575
2.675;0;2.675
1.563;0;1.563
1.988;0;1.988
1.388;0;1.388
1.388;0;1.388
1.338;0;1.338
1.413;0;1.413
1.575;0;1.575
1.638;0;1.638
1.4;0;1.4
1.388;0;1.388
1.363;0;1.363
1.363;0;1.363
1.313;0;1.313
1.313;0;1.313
1.325;0;1.325
1.338;0;1.338
1.35;0;1.35
1.35;0;1.35
1.338;0;1.338
1.338;0;1.338
1.325;0;1.325
1.4;0;1.4
1.325;0;1.325
1.375;0;1.375
1.35;0;1.35
1.388;0;1.388
1.338;0;1.338
1.338;0;1.338
1.325;0;1.325
1.325;0;1.325
1.325;0;1.325
1.35;0;1.35
1.338;0;1.338
1.363;0;1.363
1.338;0;1.338
1.3;0;1.3
1.338;0;1.338
1.388;0;1.388
1.313;0;1.313
1.325;0;1.325
1.338;0;1.338
2.675;0;2.675
3.313;0;3.313
3.338;0;3.338
3.313;0;3.313
3.313;0;3.313
3.3;0;3.3
3.3;0;3.3
3.3;0;3.3
3.85;0;3.85
4.263;0;4.263
4.263;0;4.263
4.213;0;4.213
4.675;0;4.675
4.563;0;4.563
4.625;0;4.625
6.125;0;6.125
6.9;0;6.9
6.788;0;6.788
6.625;0;6.625
5.638;0;5.638
5.213;0;5.213
4.738;0;4.738
4.638;0;4.638
5.4;0;5.4
4.638;0;4.638
3.163;0;3.163
2.263;0;2.263
3.1;0;3.1
0.738;-1.263;-0.525
0;-3.3;-3.3
0;-2.775;-2.775
0.15;-3.075;-2.925
0;-3.4;-3.4
0;-2.425;-2.425
0.088;-2.063;-1.975
3.15;0;3.15
3.525;0;3.525
4.313;0;4.313
4.463;0;4.463
4.1;0;4.1
4.013;0;4.013
4.888;0;4.888
4.763;0;4.763
4.813;0;4.813
4.913;0;4.913
5.263;0;5.263
5.138;0;5.138
5.275;0;5.275
4.888;0;4.888
5;0;5
4.963;0;4.963
5.013;0;5.013
2.45;0;2.45
1.3;0;1.3
1.325;0;1.325
1.663;0;1.663
2.438;0;2.438
2.25;0;2.25
1.763;0;1.763
1.125;0;1.125
1.088;0;1.088
1.113;0;1.113
1.1;0;1.1
1.113;0;1.113
1.1;0;1.1
1.163;0;1.163
1.125;0;1.125
1.138;0;1.138
1.125;0;1.125
1.188;0;1.188
1.125;0;1.125
1.925;0;1.925
1.888;0;1.888
1.35;0;1.35
1.1;0;1.1
1.113;0;1.113
1.113;0;1.113
1.1;0;1.1
1.088;0;1.088
1.088;0;1.088
1.088;0;1.088
1.125;0;1.125
1.1;0;1.1
1.213;0;1.213
1.138;0;1.138
1.125;0;1.125
1.125;0;1.125
1.125;0;1.125
1.075;0;1.075
1.125;0;1.125
1.1;0;1.1
1.113;0;1.113
1.05;0;1.05
1.1;0;1.1
1.063;0;1.063
1.125;0;1.125
2.525;0;2.525
3.213;0;3.213
3.238;0;3.238
3.238;0;3.238
3.325;0;3.325
3.313;0;3.313
3.275;0;3.275
3.313;0;3.313
3.8;0;3.8
4.225;0;4.225
4.125;0;4.125
4.138;0;4.138
4.575;0;4.575
4.675;0;4.675
4.825;0;4.825
6.3;0;6.3
7.625;0;7.625
7.663;0;7.663
5.563;0;5.563
5.363;0;5.363
5.063;0;5.063
5.025;0;5.025
4.988;0;4.988
4.375;0;4.375
4.3;0;4.3
4.2;0;4.2
3.975;0;3.975
4.063;0;4.063
4.05;0;4.05
3.9;0;3.9
3.813;0;3.813
3.675;0;3.675
3.525;0;3.525
3.938;0;3.938
4.125;0;4.125
3.913;0;3.913
3.838;0;3.838
4.288;0;4.288
4.325;0;4.325
4.425;0;4.425
4.613;0;4.613
4.625;0;4.625
4.525;0;4.525
4.95;0;4.95
4.863;0;4.863
5;0;5
5.113;0;5.113
4.988;0;4.988
5.038;0;5.038
4.725;0;4.725
4.713;0;4.713
5.063;0;5.063
3.313;0;3.313
2.575;0;2.575
2.375;0;2.375
2.388;0;2.388
1.4;0;1.4
1.15;0;1.15
1.15;0;1.15
1.163;0;1.163
1.138;0;1.138
1.163;0;1.163
1.15;0;1.15
1.213;0;1.213
1.2;0;1.2
1.225;0;1.225
1.15;0;1.15
1.138;0;1.138
1.138;0;1.138
1.15;0;1.15
1.163;0;1.163
1.2;0;1.2
1.175;0;1.175
1.15;0;1.15
1.138;0;1.138
1.138;0;1.138
1.15;0;1.15
1.15;0;1.15
1.15;0;1.15
1.175;0;1.175
1.138;0;1.138
1.125;0;1.125
1.238;0;1.238
1.163;0;1.163
1.175;0;1.175
1.138;0;1.138
1.15;0;1.15
1.2;0;1.2
1.175;0;1.175
1.15;0;1.15
1.163;0;1.163
1.188;0;1.188
1.138;0;1.138
1.1;0;1.1
1.175;0;1.175
1.163;0;1.163
2.55;0;2.55
3.225;0;3.225
3.263;0;3.263
3.363;0;3.363
3.363;0;3.363
3.338;0;3.338
3.338;0;3.338
3.363;0;3.363
3.9;0;3.9
4.688;0;4.688
7.075;0;7.075
7.075;0;7.075
7.088;0;7.088
7.513;0;7.513
7.5;0;7.5
7.25;0;7.25
6.863;0;6.863
7;0;7
6.85;0;6.85
6.638;0;6.638
6.813;0;6.813
6.613;0;6.613
6.713;0;6.713
6.5;0;6.5
6.75;0;6.75
7.475;0;7.475
7.538;0;7.538
7.325;0;7.325
7.325;0;7.325
7.338;0;7.338
5.113;0;5.113
4.138;0;4.138
4.588;0;4.588
5.2;0;5.2
5.1;0;5.1
4.813;0;4.813
4.675;0;4.675
4.575;0;4.575
4.663;0;4.663
4.8;0;4.8
4.8;0;4.8
5.338;0;5.338
4.663;0;4.663
4.638;0;4.638
4.7;0;4.7
4.75;0;4.75
4.8;0;4.8
5.2;0;5.2
4.85;0;4.85
4.725;0;4.725
4.663;0;4.663
4.663;0;4.663
3.113;0;3.113
2.713;0;2.713
2.625;0;2.625
3.038;0;3.038
2.263;0;2.263
1.4;0;1.4
1.788;0;1.788
1.575;0;1.575
1.425;0;1.425
1.663;0;1.663
2.013;0;2.013
1.375;0;1.375
1.388;0;1.388
1.913;0;1.913
2.175;0;2.175
2.013;0;2.013
2.063;0;2.063
2.05;0;2.05
2.013;0;2.013
2.063;0;2.063
1.525;0;1.525
1.325;0;1.325
1.313;0;1.313
1.338;0;1.338
1.325;0;1.325
1.375;0;1.375
1.3;0;1.3
1.375;0;1.375
1.3;0;1.3
1.313;0;1.313
1.3;0;1.3
1.313;0;1.313
1.313;0;1.313
1.35;0;1.35
1.288;0;1.288
1.288;0;1.288
1.3;0;1.3
1.325;0;1.325
1.325;0;1.325
1.3;0;1.3
1.325;0;1.325
1.35;0;1.35
1.375;0;1.375
1.288;0;1.288
2.663;0;2.663
3.263;0;3.263
3.263;0;3.263
3.275;0;3.275
3.313;0;3.313
3.363;0;3.363
3.313;0;3.313
3.325;0;3.325
4;0;4
4.225;0;4.225
4.213;0;4.213
4.2;0;4.2
4.25;0;4.25
4.313;0;4.313
4.313;0;4.313
6.613;0;6.613
7.375;0;7.375
7.05;0;7.05
5.15;0;5.15
4.588;0;4.588
4.563;0;4.563
4.25;0;4.25
4.113;0;4.113
4.075;0;4.075
3.838;0;3.838
3.875;0;3.875
3.838;0;3.838
3.7;0;3.7
3.463;0;3.463
3.625;0;3.625
3.325;0;3.325
3.525;0;3.525
3.463;0;3.463
3.875;0;3.875
3.938;0;3.938
3.825;0;3.825
4.063;0;4.063
3.9;0;3.9
3.85;0;3.85
3.875;0;3.875
4.163;0;4.163
4.125;0;4.125
4.188;0;4.188
4.375;0;4.375
4.5;0;4.5
4.563;0;4.563
4.613;0;4.613
4.538;0;4.538
4.563;0;4.563
7.213;0;7.213
7.375;0;7.375
7.588;0;7.588
5.513;0;5.513
4.55;0;4.55
4.525;0;4.525
4.55;0;4.55
4.588;0;4.588
4.575;0;4.575
4.738;0;4.738
5.113;0;5.113
5.188;0;5.188
5.338;0;5.338
4.563;0;4.563
4.15;0;4.15
1.513;0;1.513
1.263;0;1.263
1.35;0;1.35
1.263;0;1.263
1.263;0;1.263
1.288;0;1.288
1.325;0;1.325
1.288;0;1.288
1.288;0;1.288
1.275;0;1.275
1.288;0;1.288
1.288;0;1.288
1.263;0;1.263
1.263;0;1.263
1.3;0;1.3
1.238;0;1.238
1.275;0;1.275
1.288;0;1.288
1.3;0;1.3
1.338;0;1.338
1.288;0;1.288
1.275;0;1.275
1.275;0;1.275
1.325;0;1.325
1.263;0;1.263
1.388;0;1.388
1.275;0;1.275
1.25;0;1.25
1.238;0;1.238
1.288;0;1.288
1.263;0;1.263
1.275;0;1.275
1.3;0;1.3
1.275;0;1.275
1.288;0;1.288
1.275;0;1.275
1.363;0;1.363
1.263;0;1.263
1.25;0;1.25
1.275;0;1.275
1.313;0;1.313
1.275;0;1.275
1.238;0;1.238
1.238;0;1.238
1.25;0;1.25
1.25;0;1.25
1.225;0;1.225
1.263;0;1.263
1.175;0;1.175
1;0;1
0.813;0;0.813
0.675;0;0.675
0.425;0;0.425
0.35;0;0.35
0.213;-0.013;0.2
0;-0.238;-0.238
0.038;-0.163;-0.125
0.063;-0.163;-0.1
0;-0.538;-0.538
0;-0.725;-0.725
0;-0.663;-0.663
0;-0.6;-0.6
0;-0.888;-0.888
0;-0.538;-0.538
0;-0.738;-0.738
0.013;-0.425;-0.413
0;-0.563;-0.563
0.013;-0.25;-0.238
0;-0.313;-0.313
0.038;-0.1;-0.063
0.088;-0.175;-0.088
0.413;0;0.413
0.188;0;0.188
0.675;0;0.675
0.288;0;0.288
0.713;0;0.713
0.8;0;0.8
0.613;0;0.613
1.188;0;1.188
0.838;0;0.838
1.088;0;1.088
0.95;0;0.95
1.263;0;1.263
1.225;0;1.225
1.013;0;1.013
1.238;0;1.238
1.263;0;1.263
1.125;0;1.125
1.088;0;1.088
1.238;0;1.238
1.175;0;1.175
1.175;0;1.175
1.125;0;1.125
1.288;0;1.288
1.15;0;1.15
3.975;0;3.975
4;0;4
3.988;0;3.988
3.925;0;3.925
4.013;0;4.013
4.013;0;4.013
3.95;0;3.95
3.888;0;3.888
3.863;0;3.863
4.063;0;4.063
3.963;0;3.963
2.3;0;2.3
1.063;0;1.063
1.238;0;1.238
1.113;0;1.113
1.05;0;1.05
1.275;0;1.275
1.025;0;1.025
1.1;0;1.1
1.1;0;1.1
1.075;0;1.075
1.263;0;1.263
1.138;0;1.138
1.113;0;1.113
1.113;0;1.113
1.425;0;1.425
1.1;0;1.1
1.163;0;1.163
1.15;0;1.15
1.288;0;1.288
1.125;0;1.125
1.113;0;1.113
1.188;0;1.188
1.225;0;1.225
1.15;0;1.15
1.113;0;1.113
1.263;0;1.263
1.125;0;1.125
1.1;0;1.1
1.088;0;1.088
1.2;0;1.2
1.088;0;1.088
1.15;0;1.15
1.288;0;1.288
0.963;0;0.963
1.225;0;1.225
1.163;0;1.163
1.1;0;1.1
1.088;0;1.088
0.963;0;0.963
0.95;0;0.95
0.95;0;0.95
0.725;0;0.725
0.863;0;0.863
0.575;0;0.575
0.575;0;0.575
0.488;0;0.488
0.45;0;0.45
0.625;0;0.625
0.188;0;0.188
0.488;0;0.488
0.288;0;0.288
0.2;-0.013;0.188
0.363;-0.013;0.35
0.938;0;0.938
2.363;0;2.363
2.938;0;2.938
2.7;0;2.7
3.163;0;3.163
3.013;0;3.013
3.138;0;3.138
3.225;0;3.225
3.163;0;3.163
2.513;0;2.513
2.688;0;2.688
0.75;0;0.75
1.988;0;1.988
1.663;0;1.663
1.2;0;1.2
0.9;0;0.9
1.15;0;1.15
1.15;0;1.15
0.988;0;0.988
1.113;0;1.113
1.125;0;1.125
1.038;0;1.038
1.313;0;1.313
1.225;0;1.225
1.188;0;1.188
1.138;0;1.138
1.163;0;1.163
1.188;0;1.188
1.288;0;1.288
1.288;0;1.288
1.113;0;1.113
1.25;0;1.25
1.275;0;1.275
1.238;0;1.238
1.225;0;1.225
1.238;0;1.238
1.25;0;1.25
1.3;0;1.3
1.275;0;1.275
1.238;0;1.238
1.225;0;1.225
1.238;0;1.238
1.25;0;1.25
1.238;0;1.238
1.325;0;1.325
1.263;0;1.263
1.063;0;1.063
1.225;0;1.225
1.188;0;1.188
1.1;0;1.1
1.2;0;1.2
1.275;0;1.275
1.25;0;1.25
1.213;0;1.213
1.125;0;1.125
1.113;0;1.113
1.263;0;1.263
1.163;0;1.163
1.113;0;1.113
1.113;0;1.113
1.388;0;1.388
1.2;0;1.2
1.113;0;1.113
1.125;0;1.125
1.275;0;1.275
2.388;0;2.388
3.15;0;3.15
3.263;0;3.263
3.213;0;3.213
3.225;0;3.225
3.238;0;3.238
3.275;0;3.275
3.25;0;3.25
3.788;0;3.788
4.188;0;4.188
4.213;0;4.213
4.25;0;4.25
4.525;0;4.525
4.575;0;4.575
4.65;0;4.65
4.8;0;4.8
5.263;0;5.263
5.838;0;5.838
6.963;0;6.963
6.763;0;6.763
6.538;0;6.538
6.563;0;6.563
4.913;0;4.913
4.925;0;4.925
4.913;0;4.913
4.738;0;4.738
4.463;0;4.463
4.913;0;4.913
5.1;0;5.1
5.075;0;5.075
5.263;0;5.263
4.663;0;4.663
4.6;0;4.6
4.475;0;4.475
5.063;0;5.063
4.55;0;4.55
5.475;0;5.475
4.925;0;4.925
4.925;0;4.925
4.7;0;4.7
4.938;0;4.938
4.4;0;4.4
4.5;0;4.5
4.963;0;4.963
5.238;0;5.238
5.1;0;5.1
5.05;0;5.05
5.138;0;5.138
4.9;0;4.9
4.688;0;4.688
4.425;0;4.425
4.45;0;4.45
2.863;0;2.863
2.7;0;2.7
2.275;0;2.275
2.275;0;2.275
1.363;0;1.363
1.375;0;1.375
1.438;0;1.438
1.35;0;1.35
1.363;0;1.363
1.475;0;1.475
1.363;0;1.363
1.375;0;1.375
1.375;0;1.375
1.363;0;1.363
1.35;0;1.35
1.363;0;1.363
1.325;0;1.325
1.388;0;1.388
1.35;0;1.35
1.375;0;1.375
1.338;0;1.338
1.325;0;1.325
1.35;0;1.35
1.35;0;1.35
1.4;0;1.4
1.4;0;1.4
1.438;0;1.438
1.363;0;1.363
1.375;0;1.375
1.3;0;1.3
1.275;0;1.275
1.313;0;1.313
1.313;0;1.313
1.313;0;1.313
1.288;0;1.288
1.3;0;1.3
1.325;0;1.325
1.325;0;1.325
1.313;0;1.313
1.288;0;1.288
1.35;0;1.35
1.313;0;1.313
1.325;0;1.325
1.375;0;1.375
2.575;0;2.575
3.25;0;3.25
3.25;0;3.25
3.275;0;3.275
3.288;0;3.288
3.263;0;3.263
3.275;0;3.275
3.288;0;3.288
4.113;0;4.113
4.188;0;4.188
4.188;0;4.188
4.188;0;4.188
4.788;0;4.788
4.813;0;4.813
5.288;0;5.288
6.975;0;6.975
7.238;0;7.238
7.45;0;7.45
6.4;0;6.4
5.7;0;5.7
5.525;0;5.525
5.075;0;5.075
5.013;0;5.013
5.05;0;5.05
5.063;0;5.063
5;0;5
4.788;0;4.788
4.175;0;4.175
3.8;0;3.8
3.863;0;3.863
3.775;0;3.775
3.988;0;3.988
3.5;0;3.5
3.838;0;3.838
4.8;0;4.8
4.45;0;4.45
6.25;0;6.25
6.175;0;6.175
6.088;0;6.088
6.2;0;6.2
4.488;0;4.488
4.6;0;4.6
4.988;0;4.988
4.75;0;4.75
4.888;0;4.888
4.913;0;4.913
5;0;5
4.888;0;4.888
4.888;0;4.888
4.775;0;4.775
4.6;0;4.6
4.488;0;4.488
2.988;0;2.988
2.275;0;2.275
1.5;0;1.5
1.363;0;1.363
1.963;0;1.963
2.675;0;2.675
2.488;0;2.488
1.75;0;1.75
1.513;0;1.513
1.488;0;1.488
1.525;0;1.525
1.525;0;1.525
1.5;0;1.5
1.588;0;1.588
1.813;0;1.813
2.138;0;2.138
2.025;0;2.025
2.025;0;2.025
2.075;0;2.075
2.15;0;2.15
2.063;0;2.063
2.213;0;2.213
2.175;0;2.175
2.213;0;2.213
2.163;0;2.163
2.188;0;2.188
2.175;0;2.175
2.15;0;2.15
2.15;0;2.15
2.163;0;2.163
2.225;0;2.225
1.988;0;1.988
1.388;0;1.388
1.35;0;1.35
1.375;0;1.375
1.338;0;1.338
1.338;0;1.338
1.338;0;1.338
1.35;0;1.35
1.338;0;1.338
1.35;0;1.35
1.35;0;1.35
1.363;0;1.363
1.363;0;1.363
2.6;0;2.6
3.263;0;3.263
3.35;0;3.35
3.288;0;3.288
3.338;0;3.338
3.3;0;3.3
3.313;0;3.313
3.313;0;3.313
3.9;0;3.9
4.288;0;4.288
4.225;0;4.225
4.163;0;4.163
4.588;0;4.588
4.938;0;4.938
4.825;0;4.825
4.663;0;4.663
5.013;0;5.013
5.35;0;5.35
5.738;0;5.738
6.1;0;6.1
6.125;0;6.125
5.775;0;5.775
5.038;0;5.038
5.35;0;5.35
5.763;0;5.763
4.9;0;4.9
4.738;0;4.738
4.375;0;4.375
4.588;0;4.588
5.413;0;5.413
5.563;0;5.563
5.713;0;5.713
6.013;0;6.013
5.863;0;5.863
6.188;0;6.188
5.6;0;5.6
5.888;0;5.888
5.988;0;5.988
6.388;0;6.388
6.113;0;6.113
4.35;0;4.35
4.75;0;4.75
4.613;0;4.613
4.688;0;4.688
4.65;0;4.65
4.75;0;4.75
4.775;0;4.775
4.738;0;4.738
4.75;0;4.75
4.5;0;4.5
4.363;0;4.363
4.588;0;4.588
3.088;0;3.088
2.363;0;2.363
2.138;0;2.138
2.088;0;2.088
2.338;0;2.338
1.4;0;1.4
1.1;0;1.1
1.113;0;1.113
1.088;0;1.088
1.163;0;1.163
1.138;0;1.138
1.138;0;1.138
1.138;0;1.138
1.138;0;1.138
1.1;0;1.1
1.113;0;1.113
1.213;0;1.213
1.15;0;1.15
1.113;0;1.113
1.138;0;1.138
1.125;0;1.125
1.175;0;1.175
1.113;0;1.113
1.138;0;1.138
1.138;0;1.138
1.15;0;1.15
1.175;0;1.175
1.113;0;1.113
1.1;0;1.1
1.163;0;1.163
1.138;0;1.138
1.088;0;1.088
1.2;0;1.2
1.075;0;1.075
1.138;0;1.138
1.1;0;1.1
1.113;0;1.113
1.2;0;1.2
1.113;0;1.113
1.175;0;1.175
1.125;0;1.125
1.125;0;1.125
1.1;0;1.1
1.075;0;1.075
2.538;0;2.538
3.238;0;3.238
3.2;0;3.2
3.2;0;3.2
3.238;0;3.238
3.313;0;3.313
3.275;0;3.275
3.263;0;3.263
3.563;0;3.563
4.225;0;4.225
4.163;0;4.163
4.15;0;4.15
4.175;0;4.175
4.763;0;4.763
5.75;0;5.75
7.775;0;7.775
7.4;0;7.4
7.1;0;7.1
3.475;0;3.475
2.463;0;2.463
1.588;0;1.588
0.738;0;0.738
1.3;-0.013;1.288
1.9;-0.038;1.863
3.375;0;3.375
4.488;0;4.488
3.938;0;3.938
2.588;0;2.588
2.363;0;2.363
2.875;0;2.875
3.45;0;3.45
2.35;0;2.35
2.7;0;2.7
2.588;0;2.588
1.825;-0.025;1.8
3.763;0;3.763
4.075;0;4.075
3.963;0;3.963
3.913;0;3.913
3.988;0;3.988
4.363;0;4.363
4.15;0;4.15
4.325;0;4.325
4.038;0;4.038
4.238;0;4.238
5.05;0;5.05
4.913;0;4.913
4.863;0;4.863
4.788;0;4.788
4.875;0;4.875
4.6;0;4.6
5.363;0;5.363
3.325;0;3.325
2.8;0;2.8
2.825;0;2.825
1.975;0;1.975
1.738;0;1.738
2.063;0;2.063
1.963;0;1.963
1.575;0;1.575
1.188;0;1.188
1.188;0;1.188
1.188;0;1.188
1.238;0;1.238
1.2;0;1.2
1.175;0;1.175
1.563;0;1.563
2.038;0;2.038
1.925;0;1.925
1.938;0;1.938
1.938;0;1.938
2.025;0;2.025
1.925;0;1.925
2.013;0;2.013
1.938;0;1.938
1.938;0;1.938
1.95;0;1.95
1.95;0;1.95
2.138;0;2.138
2.113;0;2.113
2;0;2
2.088;0;2.088
2.05;0;2.05
2.025;0;2.025
1.8;0;1.8
1.15;0;1.15
1.15;0;1.15
1.2;0;1.2
1.25;0;1.25
1.15;0;1.15
1.163;0;1.163
1.125;0;1.125
1.163;0;1.163
1.188;0;1.188
1.138;0;1.138
1.138;0;1.138
2.55;0;2.55
3.25;0;3.25
3.25;0;3.25
3.338;0;3.338
3.275;0;3.275
3.288;0;3.288
3.263;0;3.263
3.275;0;3.275
3.5;0;3.5
4.213;0;4.213
4.163;0;4.163
4.15;0;4.15
4.175;0;4.175
4.163;0;4.163
4.288;0;4.288
5.4;0;5.4
6.275;0;6.275
6.425;0;6.425
6.613;0;6.613
6.7;0;6.7
6.65;0;6.65
6.363;0;6.363
5.038;0;5.038
4.213;0;4.213
4.238;0;4.238
4.325;0;4.325
4.25;0;4.25
4.25;0;4.25
4.15;0;4.15
4.15;0;4.15
4.35;0;4.35
4.238;0;4.238
3.85;0;3.85
3.825;0;3.825
3.913;0;3.913
4.013;0;4.013
4.038;0;4.038
4.013;0;4.013
4.013;0;4.013
3.738;0;3.738
3.95;0;3.95
3.95;0;3.95
3.775;0;3.775
3.975;0;3.975
4.15;0;4.15
4.2;0;4.2
4.275;0;4.275
4.425;0;4.425
4.363;0;4.363
4.613;0;4.613
4.313;0;4.313
4.588;0;4.588
2.45;0;2.45
1.8;0;1.8
2.125;0;2.125
2.125;0;2.125
1.875;0;1.875
1.188;0;1.188
1.15;0;1.15
1.113;0;1.113
1.088;0;1.088
1.125;0;1.125
1.113;0;1.113
1.088;0;1.088
1.113;0;1.113
1.113;0;1.113
1.113;0;1.113
1.125;0;1.125
1.088;0;1.088
1.088;0;1.088
1.113;0;1.113
1.113;0;1.113
1.15;0;1.15
1.188;0;1.188
1.113;0;1.113
1.113;0;1.113
1.15;0;1.15
1.113;0;1.113
1.075;0;1.075
1.075;0;1.075
1.113;0;1.113
1.1;0;1.1
1.113;0;1.113
1.125;0;1.125
1.113;0;1.113
1.113;0;1.113
1.125;0;1.125
1.113;0;1.113
1.15;0;1.15
1.1;0;1.1
1.175;0;1.175
1.1;0;1.1
1.063;0;1.063
1.088;0;1.088
1.088;0;1.088
1.113;0;1.113
1.163;0;1.163
1.088;0;1.088
1.063;0;1.063
1.1;0;1.1
1.125;0;1.125
1.1;0;1.1
1.125;0;1.125
1.113;0;1.113
1.15;0;1.15
1.1;0;1.1
1.075;0;1.075
1.088;0;1.088
1.175;0;1.175
1.088;0;1.088
1.088;0;1.088
1.088;0;1.088
0.9;0;0.9
0.775;0;0.775
0.45;0;0.45
0.613;0;0.613
0.388;0;0.388
0;-0.338;-0.338
0;-0.5;-0.5
0;-0.775;-0.775
0;-1.425;-1.425
0;-1.338;-1.338
0;-3.563;-3.563
0.125;-0.4;-0.275
0.25;-0.025;0.225
0.2;0;0.2
0.6;0;0.6
0.75;0;0.75
0.725;0;0.725
0.45;0;0.45
0.438;0;0.438
0.05;-0.375;-0.325
0;-1.325;-1.325
0;-6.8;-6.8
0;-7.125;-7.125
0;-3.125;-3.125
0;-2.438;-2.438
0;-0.838;-0.838
0;-0.613;-0.613
0;-0.363;-0.363
0.038;-0.113;-0.075
0.363;0;0.363
0.775;0;0.775
0.988;0;0.988
1.088;0;1.088
1.1;0;1.1
1.088;0;1.088
1.1;0;1.1
1.1;0;1.1
1.1;0;1.1
1.113;0;1.113
1.113;0;1.113
1.125;0;1.125
1.138;0;1.138
1.138;0;1.138
1.125;0;1.125
1.1;0;1.1
1.113;0;1.113
1.175;0;1.175
1.1;0;1.1
1.113;0;1.113
1.125;0;1.125
1.113;0;1.113
1.125;0;1.125
1.125;0;1.125
1.113;0;1.113
1.15;0;1.15
1.263;0;1.263
1.3;0;1.3
1.275;0;1.275
1.288;0;1.288
1.3;0;1.3
1.288;0;1.288
1.263;0;1.263
1.325;0;1.325
1.288;0;1.288
1.288;0;1.288
1.263;0;1.263
1.388;0;1.388
1.263;0;1.263
1.288;0;1.288
1.3;0;1.3
1.313;0;1.313
1.288;0;1.288
1.3;0;1.3
1.288;0;1.288
1.3;0;1.3
1.263;0;1.263
1.263;0;1.263
1.3;0;1.3
1.35;0;1.35
1.275;0;1.275
1.263;0;1.263
1.263;0;1.263
1.288;0;1.288
1.288;0;1.288
1.288;0;1.288
1.325;0;1.325
1.325;0;1.325
1.288;0;1.288
1.275;0;1.275
1.275;0;1.275
1.3;0;1.3
1.263;0;1.263
1.263;0;1.263
1.288;0;1.288
1.25;0;1.25
1.113;0;1.113
0.813;0;0.813
0.425;0;0.425
0.013;-1.55;-1.538
0;-2.55;-2.55
0;-3.45;-3.45
0;-4.388;-4.388
0;-5.075;-5.075
0;-5.675;-5.675
0;-6.388;-6.388
0;-6.988;-6.988
0;-7.525;-7.525
0;-7.913;-7.913
0;-8.388;-8.388
0;-8.8;-8.8
0;-9.063;-9.063
0;-9.013;-9.013
0;-8.325;-8.325
0;-8.15;-8.15
0;-5.613;-5.613
0;-5.513;-5.513
0;-7.275;-7.275
0;-8.013;-8.013
0;-5.288;-5.288
0;-2.663;-2.663
0;-0.763;-0.763
0.013;-0.1;-0.088
0.1;-0.013;0.088
0.575;0;0.575
0.888;0;0.888
0.838;0;0.838
0.738;0;0.738
1.125;0;1.125
1.313;0;1.313
1.263;0;1.263
1.263;0;1.263
1.25;0;1.25
1.325;0;1.325
1.275;0;1.275
1.275;0;1.275
1.275;0;1.275
1.3;0;1.3
1.275;0;1.275
1.288;0;1.288
1.275;0;1.275
1.325;0;1.325
1.3;0;1.3
1.263;0;1.263
1.25;0;1.25
1.35;0;1.35
1.275;0;1.275
1.288;0;1.288
1.288;0;1.288
1.313;0;1.313
1.3;0;1.3
1.275;0;1.275
1.263;0;1.263
1.288;0;1.288
1.275;0;1.275
1.313;0;1.313
1.288;0;1.288
1.15;0;1.15
1.138;0;1.138
1.113;0;1.113
1.088;0;1.088
1.075;0;1.075
1.088;0;1.088
1.175;0;1.175
1.113;0;1.113
1.125;0;1.125
1.138;0;1.138
1.113;0;1.113
1.138;0;1.138
1.138;0;1.138
1.113;0;1.113
1.1;0;1.1
1.1;0;1.1
1.088;0;1.088
1.113;0;1.113
1.1;0;1.1
1.1;0;1.1
2.538;0;2.538
3.125;0;3.125
3.238;0;3.238
3.188;0;3.188
3.213;0;3.213
3.25;0;3.25
3.188;0;3.188
3.213;0;3.213
3.375;0;3.375
4.075;0;4.075
4.1;0;4.1
4.125;0;4.125
4.163;0;4.163
4.525;0;4.525
4.488;0;4.488
5.1;0;5.1
5.438;0;5.438
4.388;0;4.388
4.813;0;4.813
4.088;0;4.088
2.038;0;2.038
1;0;1
0.25;-0.063;0.188
0;-0.7;-0.7
0.238;-0.5;-0.263
0.188;-2.075;-1.888
0.088;-3.588;-3.5
0.325;-1.838;-1.513
0.8;-2.513;-1.713
2.663;0;2.663
0.888;-2.088;-1.2
0.688;-1.838;-1.15
0.175;-2.913;-2.738
0.438;-3.675;-3.238
0.375;-3.825;-3.45
0.2;-2.713;-2.513
1.1;-1.663;-0.563
0.188;-4.825;-4.638
0.038;-4.05;-4.013
0;-3.813;-3.813
0;-2.863;-2.863
0.1;-1.925;-1.825
0.013;-0.413;-0.4
0.213;-0.038;0.175
0.9;0;0.9
1.975;0;1.975
3.688;0;3.688
4.625;0;4.625
5.15;0;5.15
4.588;0;4.588
4.588;0;4.588
4.488;0;4.488
2.7;0;2.7
1.875;0;1.875
1.3;0;1.3
1.188;0;1.188
1.225;0;1.225
1.213;0;1.213
1.175;0;1.175
1.225;0;1.225
1.2;0;1.2
1.313;0;1.313
1.213;0;1.213
1.25;0;1.25
1.238;0;1.238
1.225;0;1.225
1.275;0;1.275
1.2;0;1.2
1.213;0;1.213
1.225;0;1.225
1.188;0;1.188
1.213;0;1.213
1.225;0;1.225
1.225;0;1.225
1.225;0;1.225
1.213;0;1.213
1.2;0;1.2
1.225;0;1.225
1.225;0;1.225
1.225;0;1.225
1.213;0;1.213
1.2;0;1.2
1.275;0;1.275
1.238;0;1.238
1.188;0;1.188
1.238;0;1.238
1.213;0;1.213
1.213;0;1.213
1.2;0;1.2
1.2;0;1.2
1.213;0;1.213
1.2;0;1.2
1.2;0;1.2
1.263;0;1.263
1.225;0;1.225
1.225;0;1.225
2.6;0;2.6
3.288;0;3.288
3.363;0;3.363
3.288;0;3.288
3.275;0;3.275
3.35;0;3.35
3.325;0;3.325
3.288;0;3.288
3.463;0;3.463
4.175;0;4.175
4.5;0;4.5
4.425;0;4.425
4.938;0;4.938
4.763;0;4.763
5;0;5
4.85;0;4.85
6.463;0;6.463
7.2;0;7.2
6.813;0;6.813
6.588;0;6.588
6.038;0;6.038
6.038;0;6.038
5.025;0;5.025
4.738;0;4.738
5.113;0;5.113
5;0;5
4.65;0;4.65
1.988;0;1.988
2.675;0;2.675
4.338;0;4.338
4.938;0;4.938
3.875;0;3.875
3.8;0;3.8
4.588;0;4.588
5.675;0;5.675
5.1;0;5.1
5.263;0;5.263
5.05;0;5.05
5.05;0;5.05
4.95;0;4.95
5.45;0;5.45
5.188;0;5.188
5.113;0;5.113
5.338;0;5.338
5.4;0;5.4
5.75;0;5.75
5.875;0;5.875
5.788;0;5.788
5.713;0;5.713
5.075;0;5.075
4.525;0;4.525
4.675;0;4.675
2.338;0;2.338
1.838;0;1.838
1.813;0;1.813
2.025;0;2.025
2.1;0;2.1
2;0;2
1.163;0;1.163
1.225;0;1.225
1.563;0;1.563
1.2;0;1.2
1.113;0;1.113
1.163;0;1.163
1.113;0;1.113
1.163;0;1.163
1.1;0;1.1
1.175;0;1.175
1.113;0;1.113
1.188;0;1.188
1.125;0;1.125
1.238;0;1.238
1.125;0;1.125
1.188;0;1.188
1.2;0;1.2
1.15;0;1.15
1.15;0;1.15
1.163;0;1.163
1.138;0;1.138
1.125;0;1.125
1.125;0;1.125
1.125;0;1.125
1.2;0;1.2
1.138;0;1.138
1.163;0;1.163
1.1;0;1.1
1.15;0;1.15
1.175;0;1.175
1.163;0;1.163
1.138;0;1.138
1.25;0;1.25
1.175;0;1.175
1.163;0;1.163
1.138;0;1.138
1.15;0;1.15
1.125;0;1.125
2.55;0;2.55
3.213;0;3.213
3.225;0;3.225
3.288;0;3.288
3.238;0;3.238
3.25;0;3.25
3.3;0;3.3
3.275;0;3.275
3.6;0;3.6
4.238;0;4.238
4.238;0;4.238
4.238;0;4.238
4.55;0;4.55
4.513;0;4.513
5.275;0;5.275
6.625;0;6.625
7.575;0;7.575
6.613;0;6.613
5.263;0;5.263
5.013;0;5.013
4.75;0;4.75
4.538;0;4.538
4.125;0;4.125
3.725;0;3.725
3.65;0;3.65
4.013;0;4.013
3.8;0;3.8
3.625;0;3.625
3.488;0;3.488
3.45;0;3.45
3.688;0;3.688
3.65;0;3.65
4.213;0;4.213
3.475;0;3.475
3.375;0;3.375
2.55;0;2.55
2.825;0;2.825
2.6;0;2.6
2.663;0;2.663
3.438;0;3.438
3.75;0;3.75
3.788;0;3.788
3.925;0;3.925
4.288;0;4.288
4.288;0;4.288
3.25;0;3.25
3.875;0;3.875
4.313;0;4.313
4.525;0;4.525
4.55;0;4.55
4.65;0;4.65
4.388;0;4.388
3.038;0;3.038
2.175;0;2.175
2.225;0;2.225
1.313;0;1.313
1.35;0;1.35
1.063;0;1.063
1.063;0;1.063
1.5;0;1.5
1.175;0;1.175
1.075;0;1.075
1.1;0;1.1
1.1;0;1.1
1.113;0;1.113
1.125;0;1.125
1.075;0;1.075
1.113;0;1.113
1.063;0;1.063
1.113;0;1.113
1.075;0;1.075
1.163;0;1.163
1.088;0;1.088
1.088;0;1.088
1.075;0;1.075
1.1;0;1.1
1.05;0;1.05
1.075;0;1.075
1.088;0;1.088
1.125;0;1.125
1.113;0;1.113
1.05;0;1.05
1.038;0;1.038
1.1;0;1.1
1.1;0;1.1
1.075;0;1.075
1.088;0;1.088
1.163;0;1.163
1.088;0;1.088
1.05;0;1.05
1.075;0;1.075
1.088;0;1.088
1.113;0;1.113
1.1;0;1.1
1.1;0;1.1
1.075;0;1.075
2.513;0;2.513
3.15;0;3.15
3.188;0;3.188
3.225;0;3.225
3.213;0;3.213
3.2;0;3.2
3.225;0;3.225
3.313;0;3.313
3.238;0;3.238
4.1;0;4.1
4.15;0;4.15
4.15;0;4.15
4.175;0;4.175
4.613;0;4.613
4.825;0;4.825
5.038;0;5.038
4.975;0;4.975
5.975;0;5.975
7.238;0;7.238
7.688;0;7.688
6.388;0;6.388
5.338;0;5.338
5.075;0;5.075
4.75;0;4.75
4.275;0;4.275
3.588;0;3.588
4.7;0;4.7
4.213;0;4.213
4.038;0;4.038
3.163;0;3.163
3.488;0;3.488
3.213;0;3.213
3.563;0;3.563
3.913;0;3.913
3.388;0;3.388
3.15;0;3.15
3.7;0;3.7
3.7;0;3.7
3.55;0;3.55
3;0;3
3.388;0;3.388
2.738;0;2.738
3.325;0;3.325
3.175;0;3.175
0.575;-0.1;0.475
3.15;0;3.15
2.925;0;2.925
4.238;0;4.238
4.55;0;4.55
4.713;0;4.713
4.6;0;4.6
4.575;0;4.575
3.325;0;3.325
2.725;0;2.725
2.2;0;2.2
2.213;0;2.213
2.338;0;2.338
2.175;0;2.175
1.525;0;1.525
1.6;0;1.6
1.225;0;1.225
1.2;0;1.2
1.263;0;1.263
1.288;0;1.288
1.188;0;1.188
1.175;0;1.175
1.25;0;1.25
1.213;0;1.213
1.238;0;1.238
1.2;0;1.2
1.275;0;1.275
1.388;0;1.388
1.363;0;1.363
1.35;0;1.35
1.4;0;1.4
1.375;0;1.375
1.375;0;1.375
1.375;0;1.375
1.438;0;1.438
1.363;0;1.363
1.313;0;1.313
1.338;0;1.338
1.363;0;1.363
1.313;0;1.313
1.35;0;1.35
1.35;0;1.35
1.313;0;1.313
1.313;0;1.313
1.313;0;1.313
1.313;0;1.313
1.363;0;1.363
1.325;0;1.325
1.325;0;1.325
1.325;0;1.325
1.388;0;1.388
1.338;0;1.338
2.65;0;2.65
3.3;0;3.3
3.275;0;3.275
3.338;0;3.338
3.3;0;3.3
3.3;0;3.3
3.288;0;3.288
3.25;0;3.25
3.513;0;3.513
4.263;0;4.263
4.625;0;4.625
6.15;0;6.15
6.438;0;6.438
5.975;0;5.975
4.788;0;4.788
4.288;0;4.288
3.613;0;3.613
3.2;0;3.2
2.038;0;2.038
2.175;0;2.175
1.863;0;1.863
0.8;0;0.8
0;-0.938;-0.938
0;-1.713;-1.713
0;-2.238;-2.238
0;-2.588;-2.588
0;-1.988;-1.988
0;-1.388;-1.388
0;-1.513;-1.513
0;-1.875;-1.875
0;-3.013;-3.013
0;-2.475;-2.475
0;-1.2;-1.2
0;-1.813;-1.813
0;-1.763;-1.763
0;-3.488;-3.488
0;-2.963;-2.963
0;-3.863;-3.863
0;-2.55;-2.55
0;-1.75;-1.75
0;-1.313;-1.313
0.175;-0.363;-0.188
0.45;0;0.45
0.925;0;0.925
0.925;0;0.925
2.125;0;2.125
3.813;0;3.813
4.55;0;4.55
4.013;0;4.013
4.388;0;4.388
4.3;0;4.3
4.25;0;4.25
2.675;0;2.675
2.475;0;2.475
1.825;0;1.825
1.463;0;1.463
1.425;0;1.425
1.4;0;1.4
1.413;0;1.413
1.438;0;1.438
1.425;0;1.425
1.4;0;1.4
1.438;0;1.438
1.4;0;1.4
1.425;0;1.425
1.413;0;1.413
1.413;0;1.413
1.438;0;1.438
1.463;0;1.463
1.45;0;1.45
1.55;0;1.55
1.438;0;1.438
1.4;0;1.4
1.4;0;1.4
1.4;0;1.4
1.388;0;1.388
1.425;0;1.425
1.425;0;1.425
1.463;0;1.463
1.4;0;1.4
1.438;0;1.438
1.425;0;1.425
1.413;0;1.413
1.45;0;1.45
1.425;0;1.425
1.425;0;1.425
1.463;0;1.463
1.475;0;1.475
1.425;0;1.425
1.413;0;1.413
1.388;0;1.388
1.313;0;1.313
1.338;0;1.338
1.338;0;1.338
1.375;0;1.375
1.325;0;1.325
1.35;0;1.35
1.313;0;1.313
1.313;0;1.313
1.313;0;1.313
1.313;0;1.313
1.313;0;1.313
1.4;0;1.4
1.35;0;1.35
1.313;0;1.313
1.313;0;1.313
1.325;0;1.325
1.338;0;1.338
1.338;0;1.338
1.313;0;1.313
1.063;0;1.063
0.688;0;0.688
0.088;-0.213;-0.125
0;-1.038;-1.038
0;-1.938;-1.938
0;-2.85;-2.85
0;-4.138;-4.138
0;-4.913;-4.913
0;-6.375;-6.375
0;-6.938;-6.938
0;-7.763;-7.763
0;-8.525;-8.525
0;-9.113;-9.113
0;-9.625;-9.625
0;-10.175;-10.175
0;-10.388;-10.388
0;-10.513;-10.513
0;-10.288;-10.288
0;-9.688;-9.688
0;-9.225;-9.225
0;-9.213;-9.213
0;-9.088;-9.088
0;-9.038;-9.038
0;-8.675;-8.675
0;-8.263;-8.263
0;-7.863;-7.863
0;-7.363;-7.363
0;-6.763;-6.763
0;-6;-6
0;-4.4;-4.4
0;-3.538;-3.538
0;-2.663;-2.663
0;-1.538;-1.538
0.125;-0.075;0.05
0.775;0;0.775
1.113;0;1.113
1.113;0;1.113
1.1;0;1.1
1.25;0;1.25
1.3;0;1.3
1.325;0;1.325
1.4;0;1.4
1.35;0;1.35
1.325;0;1.325
1.3;0;1.3
1.313;0;1.313
1.363;0;1.363
1.325;0;1.325
1.325;0;1.325
1.35;0;1.35
1.325;0;1.325
1.375;0;1.375
1.3;0;1.3
1.3;0;1.3
1.325;0;1.325
1.325;0;1.325
1.313;0;1.313
1.388;0;1.388
1.313;0;1.313
1.35;0;1.35
1.338;0;1.338
1.35;0;1.35
1.325;0;1.325
1.338;0;1.338
1.338;0;1.338
1.313;0;1.313
1.325;0;1.325
1.313;0;1.313
1.338;0;1.338
1.3;0;1.3
1.313;0;1.313
1.313;0;1.313
1.338;0;1.338
1.45;0;1.45
1.35;0;1.35
1.325;0;1.325
1.35;0;1.35
1.3;0;1.3
1.288;0;1.288
1.3;0;1.3
1.325;0;1.325
1.313;0;1.313
1.288;0;1.288
1.325;0;1.325
1.35;0;1.35
1.313;0;1.313
1.325;0;1.325
1.338;0;1.338
1.363;0;1.363
1.425;0;1.425
1.338;0;1.338
1.288;0;1.288
1.325;0;1.325
1.338;0;1.338
1.313;0;1.313
1.275;0;1.275
1.025;0;1.025
0.45;0;0.45
0;-0.363;-0.363
0;-1.138;-1.138
0;-2.063;-2.063
0;-3.125;-3.125
0;-4.4;-4.4
0;-5.313;-5.313
0;-7.125;-7.125
0;-7.513;-7.513
0;-8.838;-8.838
0;-9.213;-9.213
0;-9.6;-9.6
0;-10.063;-10.063
0;-10.625;-10.625
0;-10.95;-10.95
0;-11.125;-11.125
0;-11.138;-11.138
0;-10.6;-10.6
0;-9.85;-9.85
0;-9.513;-9.513
0;-8.613;-8.613
0;-8.713;-8.713
0;-9.488;-9.488
0;-6.013;-6.013
0;-6.038;-6.038
0;-6.688;-6.688
0;-6.425;-6.425
0;-5.55;-5.55
0;-5.163;-5.163
0;-4.013;-4.013
0;-3.313;-3.313
0;-2.025;-2.025
0.1;-0.25;-0.15
0.725;0;0.725
1.15;0;1.15
1.263;0;1.263
1.288;0;1.288
1.3;0;1.3
1.3;0;1.3
1.313;0;1.313
1.325;0;1.325
1.375;0;1.375
1.313;0;1.313
1.338;0;1.338
1.325;0;1.325
1.35;0;1.35
1.338;0;1.338
1.325;0;1.325
1.388;0;1.388
1.313;0;1.313
1.313;0;1.313
1.288;0;1.288
1.325;0;1.325
1.313;0;1.313
1.35;0;1.35
1.275;0;1.275
1.325;0;1.325
1.338;0;1.338
1.413;0;1.413
1.313;0;1.313
1.313;0;1.313
1.313;0;1.313
1.35;0;1.35
1.313;0;1.313
1.313;0;1.313
1.325;0;1.325
1.3;0;1.3
1.313;0;1.313
1.338;0;1.338
1.325;0;1.325
1.338;0;1.338
1.35;0;1.35
1.35;0;1.35
1.275;0;1.275
1.35;0;1.35
1.288;0;1.288
1.288;0;1.288
1.313;0;1.313
1.3;0;1.3
1.338;0;1.338
1.275;0;1.275
2.6;0;2.6
3.263;0;3.263
3.288;0;3.288
3.275;0;3.275
3.313;0;3.313
3.3;0;3.3
3.275;0;3.275
3.325;0;3.325
3.325;0;3.325
4.25;0;4.25
4.25;0;4.25
4.238;0;4.238
4.775;0;4.775
4.6;0;4.6
4.6;0;4.6
5.575;0;5.575
5.088;0;5.088
4.338;0;4.338
3.338;0;3.338
2.388;0;2.388
0.725;-0.013;0.713
0.013;-0.663;-0.65
0;-1.8;-1.8
0;-2.363;-2.363
0;-3.9;-3.9
0;-4.813;-4.813
0;-5.113;-5.113
0;-5.55;-5.55
0;-6.113;-6.113
0;-6.325;-6.325
0;-6.488;-6.488
0;-7.025;-7.025
0;-6.613;-6.613
0;-5.188;-5.188
0;-4.55;-4.55
0;-5.263;-5.263
0;-4.725;-4.725
0;-3.675;-3.675
0;-4.063;-4.063
0;-3.563;-3.563
0;-3.063;-3.063
0;-2.75;-2.75
0;-1.688;-1.688
0.038;-0.438;-0.4
0.813;0;0.813
1.875;0;1.875
2.788;0;2.788
3.775;0;3.775
4.475;0;4.475
4.738;0;4.738
5.063;0;5.063
5.363;0;5.363
3.213;0;3.213
2.888;0;2.888
2.638;0;2.638
1.95;0;1.95
1.35;0;1.35
1.338;0;1.338
1.388;0;1.388
1.363;0;1.363
1.363;0;1.363
1.4;0;1.4
1.363;0;1.363
1.35;0;1.35
1.363;0;1.363
1.363;0;1.363
1.438;0;1.438
1.388;0;1.388
1.363;0;1.363
1.375;0;1.375
1.325;0;1.325
1.363;0;1.363
1.338;0;1.338
1.338;0;1.338
1.338;0;1.338
1.35;0;1.35
1.375;0;1.375
1.338;0;1.338
1.388;0;1.388
1.35;0;1.35
1.375;0;1.375
1.388;0;1.388
1.45;0;1.45
1.363;0;1.363
1.338;0;1.338
1.363;0;1.363
1.388;0;1.388
1.338;0;1.338
1.35;0;1.35
1.338;0;1.338
1.35;0;1.35
1.338;0;1.338
1.338;0;1.338
1.338;0;1.338
1.4;0;1.4
1.35;0;1.35
2.638;0;2.638
3.313;0;3.313
3.413;0;3.413
3.35;0;3.35
3.363;0;3.363
3.363;0;3.363
3.338;0;3.338
3.363;0;3.363
3.613;0;3.613
4.2;0;4.2
4.175;0;4.175
4.55;0;4.55
4.563;0;4.563
4.588;0;4.588
4.45;0;4.45
5.338;0;5.338
5.8;0;5.8
5.838;0;5.838
5.85;0;5.85
5.438;0;5.438
5.75;0;5.75
5.438;0;5.438
5.325;0;5.325
5.5;0;5.5
5.738;0;5.738
5.513;0;5.513
5.363;0;5.363
5.063;0;5.063
5.225;0;5.225
5.163;0;5.163
4.775;0;4.775
4.663;0;4.663
4.313;0;4.313
4.5;0;4.5
4.513;0;4.513
4.263;0;4.263
3.875;0;3.875
4.425;0;4.425
4.325;0;4.325
4.588;0;4.588
5.2;0;5.2
5.213;0;5.213
5.213;0;5.213
5.3;0;5.3
5.263;0;5.263
5.375;0;5.375
5.625;0;5.625
5.475;0;5.475
5.2;0;5.2
4.738;0;4.738
4.888;0;4.888
4.575;0;4.575
2.975;0;2.975
2.138;0;2.138
1.813;0;1.813
1.825;0;1.825
2.313;0;2.313
2.488;0;2.488
2.2;0;2.2
3.463;0;3.463
4.625;0;4.625
4.125;0;4.125
4.15;0;4.15
4.2;0;4.2
3.4;0;3.4
1.338;0;1.338
1.463;0;1.463
1.588;0;1.588
1.35;0;1.35
1.388;0;1.388
1.338;0;1.338
1.375;0;1.375
1.363;0;1.363
1.313;0;1.313
1.325;0;1.325
1.338;0;1.338
1.338;0;1.338
1.325;0;1.325
1.313;0;1.313
1.313;0;1.313
1.375;0;1.375
1.35;0;1.35
1.3;0;1.3
1.313;0;1.313
1.313;0;1.313
1.363;0;1.363
1.325;0;1.325
1.325;0;1.325
1.388;0;1.388
1.363;0;1.363
1.338;0;1.338
1.325;0;1.325
1.338;0;1.338
1.3;0;1.3
1.288;0;1.288
1.3;0;1.3
2.625;0;2.625
3.275;0;3.275
3.25;0;3.25
3.275;0;3.275
3.313;0;3.313
3.375;0;3.375
3.313;0;3.313
3.313;0;3.313
3.85;0;3.85
4.313;0;4.313
4.238;0;4.238
4.175;0;4.175
4.425;0;4.425
4.675;0;4.675
4.825;0;4.825
4.925;0;4.925
5.563;0;5.563
5.338;0;5.338
4.938;0;4.938
4.6;0;4.6
4.225;0;4.225
4.163;0;4.163
3.238;0;3.238
3.388;0;3.388
2.6;0;2.6
1.375;-0.075;1.3
1.375;-0.313;1.063
1.5;-0.088;1.413
1.263;-0.438;0.825
0.463;-0.963;-0.5
0.263;-2;-1.738
0.313;-3.713;-3.4
0.025;-6.8;-6.775
0.113;-3.4;-3.288
1.35;0;1.35
1;-0.788;0.213
0;-5.45;-5.45
0;-3.913;-3.913
0.225;-1.688;-1.463
0;-3;-3
0.65;-0.413;0.238
0.563;-0.938;-0.375
1.338;0;1.338
1.025;-0.15;0.875
1.813;0;1.813
3.6;0;3.6
3.625;0;3.625
3.938;0;3.938
4.3;0;4.3
4.638;0;4.638
4.588;0;4.588
4.613;0;4.613
3.013;0;3.013
2.388;0;2.388
1.7;0;1.7
1.288;0;1.288
1.275;0;1.275
1.275;0;1.275
1.3;0;1.3
1.238;0;1.238
1.288;0;1.288
1.25;0;1.25
1.263;0;1.263
1.288;0;1.288
1.275;0;1.275
1.313;0;1.313
1.3;0;1.3
1.275;0;1.275
1.275;0;1.275
1.325;0;1.325
1.25;0;1.25
1.263;0;1.263
1.238;0;1.238
1.275;0;1.275
1.288;0;1.288
1.3;0;1.3
1.325;0;1.325
1.425;0;1.425
1.475;0;1.475
1.438;0;1.438
1.438;0;1.438
1.413;0;1.413
1.475;0;1.475
1.45;0;1.45
1.4;0;1.4
1.488;0;1.488
1.425;0;1.425
1.45;0;1.45
1.425;0;1.425
1.463;0;1.463
1.463;0;1.463
1.5;0;1.5
1.425;0;1.425
1.375;0;1.375
1.363;0;1.363
1.35;0;1.35
2.663;0;2.663
3.338;0;3.338
3.363;0;3.363
3.388;0;3.388
3.438;0;3.438
3.425;0;3.425
3.475;0;3.475
3.413;0;3.413
3.925;0;3.925
4.325;0;4.325
4.85;0;4.85
4.3;0;4.3
4.4;0;4.4
4.838;0;4.838
5.275;0;5.275
7.088;0;7.088
8.063;0;8.063
7.5;0;7.5
4.625;0;4.625
4.488;0;4.488
4.4;0;4.4
4.713;0;4.713
3.913;0;3.913
3.588;0;3.588
2.238;0;2.238
2.45;0;2.45
0.3;-1.425;-1.125
2.188;0;2.188
1.663;-0.038;1.625
0.05;-4.413;-4.363
0.75;-1.1;-0.35
1.388;-0.375;1.013
0.113;-6.575;-6.463
0;-6.988;-6.988
0;-5.925;-5.925
0;-4.738;-4.738
0.013;-4.463;-4.45
0.113;-4.613;-4.5
1.363;-2.475;-1.113
2.65;-0.35;2.3
0.763;-1.988;-1.225
1.188;-1.588;-0.4
1.638;-0.675;0.963
3.513;0;3.513
1.638;-0.088;1.55
1.075;0;1.075
1.95;0;1.95
3.2;0;3.2
4.213;0;4.213
4.538;0;4.538
5.05;0;5.05
4.8;0;4.8
3.05;0;3.05
2.4;0;2.4
2.513;0;2.513
2.5;0;2.5
1.588;0;1.588
1.5;0;1.5
1.263;0;1.263
1.4;0;1.4
1.4;0;1.4
1.375;0;1.375
1.488;0;1.488
1.675;0;1.675
1.55;0;1.55
1.425;0;1.425
1.413;0;1.413
1.45;0;1.45
1.45;0;1.45
1.438;0;1.438
1.475;0;1.475
1.55;0;1.55
1.338;0;1.338
1.363;0;1.363
1.375;0;1.375
1.363;0;1.363
1.363;0;1.363
1.325;0;1.325
1.363;0;1.363
1.45;0;1.45
1.413;0;1.413
1.375;0;1.375
1.375;0;1.375
1.35;0;1.35
1.35;0;1.35
1.363;0;1.363
1.363;0;1.363
1.475;0;1.475
1.325;0;1.325
1.363;0;1.363
1.388;0;1.388
1.4;0;1.4
1.413;0;1.413
1.388;0;1.388
1.4;0;1.4
1.413;0;1.413
2.688;0;2.688
3.313;0;3.313
3.35;0;3.35
3.375;0;3.375
3.35;0;3.35
3.338;0;3.338
3.363;0;3.363
3.463;0;3.463
3.838;0;3.838
4.325;0;4.325
4.288;0;4.288
4.263;0;4.263
5.213;0;5.213
7.263;0;7.263
7.1;0;7.1
6.913;0;6.913
6.113;0;6.113
5.688;0;5.688
4.613;0;4.613
4.6;0;4.6
4.5;0;4.5
4.675;0;4.675
4.75;0;4.75
4.95;0;4.95
5.163;0;5.163
4.925;0;4.925
4.45;0;4.45
3.975;0;3.975
3.088;0;3.088
2.588;0;2.588
2.65;0;2.65
3.025;0;3.025
2.875;0;2.875
2.975;0;2.975
3.238;0;3.238
3.4;0;3.4
3.238;0;3.238
3.263;0;3.263
3.425;0;3.425
3.625;0;3.625
4.088;0;4.088
4.263;0;4.263
4.125;0;4.125
4.175;0;4.175
4.3;0;4.3
4.388;0;4.388
4.138;0;4.138
4.175;0;4.175
4.225;0;4.225
4.288;0;4.288
4.288;0;4.288
4;0;4
2.188;0;2.188
1.65;0;1.65
1.65;0;1.65
1.713;0;1.713
1.75;0;1.75
1.625;0;1.625
1.613;0;1.613
1.688;0;1.688
1.6;0;1.6
1.625;0;1.625
1.613;0;1.613
1.65;0;1.65
1.638;0;1.638
1.625;0;1.625
1.638;0;1.638
1.663;0;1.663
1.625;0;1.625
1.6;0;1.6
1.613;0;1.613
1.65;0;1.65
1.613;0;1.613
1.625;0;1.625
1.638;0;1.638
1.738;0;1.738
1.5;0;1.5
1.375;0;1.375
1.363;0;1.363
1.35;0;1.35
1.388;0;1.388
1.338;0;1.338
1.35;0;1.35
1.35;0;1.35
1.388;0;1.388
1.363;0;1.363
1.375;0;1.375
1.375;0;1.375
1.388;0;1.388
1.375;0;1.375
1.363;0;1.363
1.438;0;1.438
1.375;0;1.375
1.363;0;1.363
1.35;0;1.35
1.35;0;1.35
1.363;0;1.363
1.363;0;1.363
1.363;0;1.363
1.388;0;1.388
1.375;0;1.375
1.425;0;1.425
1.375;0;1.375
1.375;0;1.375
1.363;0;1.363
1.338;0;1.338
1.35;0;1.35
1.35;0;1.35
1.425;0;1.425
1.375;0;1.375
1.325;0;1.325
1.363;0;1.363
1.275;0;1.275
1.2;0;1.2
0.775;0;0.775
0.638;0;0.638
0.2;0;0.2
0.688;0;0.688
0.725;0;0.725
0.913;0;0.913
0.063;-0.338;-0.275
0;-0.163;-0.163
0.038;-0.05;-0.013
0.013;-1.313;-1.3
0;-4.025;-4.025
0;-2.413;-2.413
0;-2.738;-2.738
0;-1.325;-1.325
0;-0.9;-0.9
0;-0.8;-0.8
0;-0.65;-0.65
0;-0.788;-0.788
0;-0.975;-0.975
0;-2.788;-2.788
0;-2;-2
0;-2.263;-2.263
0;-1.738;-1.738
0;-1.913;-1.913
0;-2.888;-2.888
0;-2.875;-2.875
0;-1.075;-1.075
0;-0.825;-0.825
0;-0.288;-0.288
0.138;-0.025;0.113
0.413;0;0.413
0.838;0;0.838
1.188;0;1.188
1.138;0;1.138
1.188;0;1.188
1.163;0;1.163
1.213;0;1.213
1.175;0;1.175
1.213;0;1.213
1.175;0;1.175
1.188;0;1.188
1.188;0;1.188
1.163;0;1.163
1.288;0;1.288
1.188;0;1.188
1.2;0;1.2
1.213;0;1.213
1.2;0;1.2
1.2;0;1.2
1.325;0;1.325
1.338;0;1.338
1.388;0;1.388
1.375;0;1.375
1.338;0;1.338
1.338;0;1.338
1.338;0;1.338
1.363;0;1.363
1.4;0;1.4
1.375;0;1.375
1.388;0;1.388
1.4;0;1.4
1.375;0;1.375
1.438;0;1.438
1.363;0;1.363
1.35;0;1.35
1.388;0;1.388
1.363;0;1.363
1.375;0;1.375
1.35;0;1.35
1.35;0;1.35
1.363;0;1.363
1.388;0;1.388
1.375;0;1.375
1.338;0;1.338
1.4;0;1.4
1.413;0;1.413
1.388;0;1.388
1.338;0;1.338
1.425;0;1.425
1.338;0;1.338
1.35;0;1.35
1.375;0;1.375
1.425;0;1.425
1.4;0;1.4
1.35;0;1.35
1.363;0;1.363
1.35;0;1.35
1.388;0;1.388
1.363;0;1.363
1.35;0;1.35
1.425;0;1.425
1.35;0;1.35
1.088;0;1.088
0.85;0;0.85
0.488;0;0.488
0.088;-0.125;-0.038
0;-0.538;-0.538
0;-1.063;-1.063
0;-1.338;-1.338
0;-0.613;-0.613
0.013;-0.25;-0.238
0;-0.1;-0.1
0;-0.163;-0.163
0.013;-0.175;-0.163
0;-0.188;-0.188
0;-0.475;-0.475
0;-1.125;-1.125
0;-0.825;-0.825
0;-0.775;-0.775
0;-0.975;-0.975
0;-0.9;-0.9
0;-1.6;-1.6
0;-3.2;-3.2
0;-4.575;-4.575
0;-4.525;-4.525
0;-5.513;-5.513
0;-5;-5
0;-3.95;-3.95
0;-3.325;-3.325
0;-1.575;-1.575
0;-1.2;-1.2
0;-0.925;-0.925
0;-0.575;-0.575
0;-0.225;-0.225
0.213;0;0.213
0.563;0;0.563
0.663;0;0.663
1.075;0;1.075
1.163;0;1.163
1.163;0;1.163
1.125;0;1.125
1.15;0;1.15
1.125;0;1.125
1.163;0;1.163
1.3;0;1.3
1.313;0;1.313
1.325;0;1.325
1.313;0;1.313
1.288;0;1.288
1.313;0;1.313
1.313;0;1.313
1.363;0;1.363
1.338;0;1.338
1.338;0;1.338
1.388;0;1.388
1.3;0;1.3
1.3;0;1.3
1.3;0;1.3
1.3;0;1.3
1.325;0;1.325
1.3;0;1.3
1.338;0;1.338
1.338;0;1.338
1.338;0;1.338
1.325;0;1.325
1.325;0;1.325
1.313;0;1.313
1.338;0;1.338
1.3;0;1.3
1.325;0;1.325
1.425;0;1.425
1.288;0;1.288
1.3;0;1.3
1.313;0;1.313
1.325;0;1.325
1.325;0;1.325
1.388;0;1.388
1.338;0;1.338
1.313;0;1.313
1.313;0;1.313
1.288;0;1.288
1.313;0;1.313
1.313;0;1.313
1.3;0;1.3
2.6;0;2.6
3.338;0;3.338
3.35;0;3.35
3.288;0;3.288
3.3;0;3.3
3.3;0;3.3
3.288;0;3.288
3.263;0;3.263
3.325;0;3.325
4.25;0;4.25
4.4;0;4.4
4.538;0;4.538
4.225;0;4.225
4.313;0;4.313
4.338;0;4.338
4.9;0;4.9
5.338;0;5.338
4.988;0;4.988
4.638;0;4.638
4.263;0;4.263
4.125;0;4.125
4.613;0;4.613
4.525;0;4.525
3.663;0;3.663
4.225;0;4.225
4.138;0;4.138
3.738;0;3.738
4.025;0;4.025
4.2;0;4.2
4.163;0;4.163
3.838;0;3.838
3.65;0;3.65
2.95;0;2.95
0.913;-0.163;0.75
0.9;-0.163;0.738
2.188;0;2.188
3.2;0;3.2
3.263;0;3.263
3.938;0;3.938
4.413;0;4.413
4.963;0;4.963
4.45;0;4.45
4.663;0;4.663
4.588;0;4.588
4.95;0;4.95
4.675;0;4.675
4.388;0;4.388
4.588;0;4.588
4.738;0;4.738
4.788;0;4.788
4.988;0;4.988
4.625;0;4.625
3.275;0;3.275
2.063;0;2.063
1.4;0;1.4
1.4;0;1.4
1.375;0;1.375
1.388;0;1.388
1.413;0;1.413
1.35;0;1.35
1.338;0;1.338
1.35;0;1.35
1.438;0;1.438
1.325;0;1.325
1.325;0;1.325
1.325;0;1.325
1.388;0;1.388
1.35;0;1.35
1.375;0;1.375
1.388;0;1.388
1.375;0;1.375
1.375;0;1.375
1.338;0;1.338
1.338;0;1.338
1.363;0;1.363
1.338;0;1.338
1.363;0;1.363
1.338;0;1.338
1.413;0;1.413
1.35;0;1.35
1.363;0;1.363
1.35;0;1.35
1.35;0;1.35
1.413;0;1.413
1.388;0;1.388
1.375;0;1.375
1.325;0;1.325
1.35;0;1.35
1.35;0;1.35
1.363;0;1.363
1.325;0;1.325
1.363;0;1.363
1.313;0;1.313
1.288;0;1.288
1.313;0;1.313
1.363;0;1.363
2.538;0;2.538
3.225;0;3.225
3.25;0;3.25
3.25;0;3.25
3.288;0;3.288
3.275;0;3.275
3.275;0;3.275
3.275;0;3.275
3.563;0;3.563
4.2;0;4.2
4.613;0;4.613
4.238;0;4.238
4.263;0;4.263
4.3;0;4.3
4.513;0;4.513
5.313;0;5.313
6.675;0;6.675
7.063;0;7.063
6.325;0;6.325
4.4;0;4.4
4.463;0;4.463
4.325;0;4.325
4.588;0;4.588
4.375;0;4.375
4.475;0;4.475
4.525;0;4.525
4.55;0;4.55
4.675;0;4.675
4.8;0;4.8
4.463;0;4.463
4.625;0;4.625
4.15;0;4.15
4.613;0;4.613
5.088;0;5.088
5.025;0;5.025
4.725;0;4.725
4.613;0;4.613
4.5;0;4.5
4.4;0;4.4
4.388;0;4.388
4.45;0;4.45
4.788;0;4.788
4.725;0;4.725
4.7;0;4.7
4.775;0;4.775
4.713;0;4.713
4.688;0;4.688
4.8;0;4.8
4.888;0;4.888
4.775;0;4.775
4.6;0;4.6
4.525;0;4.525
2.963;0;2.963
2.013;0;2.013
2.15;0;2.15
1.75;0;1.75
1.813;0;1.813
2.038;0;2.038
2.15;0;2.15
2.238;0;2.238
2.9;0;2.9
4.238;0;4.238
4.075;0;4.075
4.1;0;4.1
4.113;0;4.113
1.838;0;1.838
1.313;0;1.313
1.288;0;1.288
1.325;0;1.325
1.3;0;1.3
1.288;0;1.288
1.288;0;1.288
1.275;0;1.275
1.525;0;1.525
2.163;0;2.163
2.15;0;2.15
2.138;0;2.138
1.575;0;1.575
1.288;0;1.288
1.3;0;1.3
1.288;0;1.288
1.275;0;1.275
1.288;0;1.288
1.288;0;1.288
1.3;0;1.3
1.313;0;1.313
1.363;0;1.363
1.3;0;1.3
1.313;0;1.313
1.288;0;1.288
1.288;0;1.288
1.313;0;1.313
1.288;0;1.288
1.288;0;1.288
1.338;0;1.338
1.3;0;1.3
2.55;0;2.55
3.225;0;3.225
3.238;0;3.238
3.263;0;3.263
3.263;0;3.263
3.3;0;3.3
3.4;0;3.4
3.288;0;3.288
3.725;0;3.725
4.213;0;4.213
4.188;0;4.188
4.188;0;4.188
4.138;0;4.138
4.15;0;4.15
4.263;0;4.263
4.875;0;4.875
6.888;0;6.888
7.075;0;7.075
6.975;0;6.975
4.813;0;4.813
4.788;0;4.788
5.1;0;5.1
4.925;0;4.925
4.763;0;4.763
3.875;0;3.875
3.788;0;3.788
3.9;0;3.9
3.063;0;3.063
1.463;0;1.463
2.438;0;2.438
3.313;0;3.313
3.838;0;3.838
4.025;0;4.025
3.613;0;3.613
1.588;0;1.588
1.413;0;1.413
1.413;-0.1;1.313
0;-5.138;-5.138
0.013;-5.025;-5.013
2.288;0;2.288
3.038;0;3.038
3.863;0;3.863
4.238;0;4.238
4.5;0;4.5
4.575;0;4.575
4.738;0;4.738
4.725;0;4.725
4.513;0;4.513
4.425;0;4.425
4.363;0;4.363
4.375;0;4.375
4.275;0;4.275
2.7;0;2.7
2.55;0;2.55
2.138;0;2.138
1.338;0;1.338
1.375;0;1.375
1.3;0;1.3
1.275;0;1.275
1.3;0;1.3
1.563;0;1.563
1.475;0;1.475
1.325;0;1.325
1.275;0;1.275
1.3;0;1.3
1.275;0;1.275
1.275;0;1.275
1.3;0;1.3
1.313;0;1.313
1.325;0;1.325
1.388;0;1.388
1.338;0;1.338
1.325;0;1.325
1.438;0;1.438
1.3;0;1.3
1.25;0;1.25
1.25;0;1.25
1.313;0;1.313
1.313;0;1.313
1.3;0;1.3
1.3;0;1.3
1.288;0;1.288
1.375;0;1.375
1.338;0;1.338
1.313;0;1.313
1.313;0;1.313
1.313;0;1.313
1.325;0;1.325
1.288;0;1.288
1.388;0;1.388
1.338;0;1.338
1.313;0;1.313
1.313;0;1.313
1.313;0;1.313
1.3;0;1.3
1.313;0;1.313
2.575;0;2.575
3.263;0;3.263
3.275;0;3.275
3.263;0;3.263
3.288;0;3.288
3.325;0;3.325
3.313;0;3.313
3.288;0;3.288
3.7;0;3.7
4.225;0;4.225
4.3;0;4.3
4.225;0;4.225
4.263;0;4.263
4.363;0;4.363
4.75;0;4.75
5.025;0;5.025
5.763;0;5.763
5.8;0;5.8
6.65;0;6.65
5.838;0;5.838
5.8;0;5.8
5.4;0;5.4
4.425;0;4.425
3.213;0;3.213
3.6;0;3.6
2.6;0;2.6
0.35;-1.488;-1.138
0.138;-2.45;-2.313
0.25;-1.613;-1.363
0.125;-2.013;-1.888
0.038;-5.613;-5.575
0.35;-2.263;-1.913
3.063;0;3.063
1.625;-0.425;1.2
0.4;-1.388;-0.988
0;-5.938;-5.938
0;-6.113;-6.113
0.013;-5.4;-5.388
0.038;-3.213;-3.175
0.588;-0.575;0.013
2.175;0;2.175
2.7;0;2.7
3.225;0;3.225
4.45;0;4.45
4.2;0;4.2
4.45;0;4.45
4.55;0;4.55
4.5;0;4.5
4.663;0;4.663
4.55;0;4.55
4.838;0;4.838
4.863;0;4.863
3.188;0;3.188
3.825;0;3.825
5.15;0;5.15
5.088;0;5.088
4.138;0;4.138
4.125;0;4.125
4.125;0;4.125
4.163;0;4.163
4.225;0;4.225
4.188;0;4.188
4.125;0;4.125
4.113;0;4.113
4.113;0;4.113
4.138;0;4.138
4.125;0;4.125
2.125;0;2.125
1.338;0;1.338
1.375;0;1.375
1.375;0;1.375
1.375;0;1.375
1.338;0;1.338
1.375;0;1.375
1.338;0;1.338
1.325;0;1.325
1.325;0;1.325
1.4;0;1.4
1.375;0;1.375
1.338;0;1.338
1.313;0;1.313
1.313;0;1.313
1.363;0;1.363
1.325;0;1.325
1.363;0;1.363
1.338;0;1.338
1.363;0;1.363
1.363;0;1.363
1.338;0;1.338
1.313;0;1.313
1.325;0;1.325
1.338;0;1.338
1.325;0;1.325
1.3;0;1.3
1.388;0;1.388
1.388;0;1.388
2.638;0;2.638
3.313;0;3.313
3.288;0;3.288
3.313;0;3.313
3.338;0;3.338
3.313;0;3.313
3.313;0;3.313
3.313;0;3.313
3.838;0;3.838
4.3;0;4.3
4.263;0;4.263
4.263;0;4.263
3.75;0;3.75
3.438;0;3.438
5.938;0;5.938
5.513;0;5.513
4.85;0;4.85
3.488;0;3.488
2.6;0;2.6
1.625;0;1.625
0.6;0;0.6
0.088;-0.125;-0.038
0;-0.988;-0.988
0.05;-1.575;-1.525
0.15;-2.163;-2.013
0.05;-2.575;-2.525
0;-3.838;-3.838
0;-4.438;-4.438
0.338;-4.35;-4.013
0;-5.288;-5.288
0;-5.488;-5.488
1.2;-4.038;-2.838
4.913;0;4.913
4.675;0;4.675
3.513;0;3.513
2.975;0;2.975
0.663;-0.813;-0.15
0.475;-0.125;0.35
0.1;-0.4;-0.3
1;0;1
0.988;0;0.988
1.838;0;1.838
2.763;0;2.763
3.163;0;3.163
3.525;0;3.525
3.675;0;3.675
3.888;0;3.888
4.125;0;4.125
4.663;0;4.663
4.463;0;4.463
4.863;0;4.863
4.363;0;4.363
2.925;0;2.925
2.513;0;2.513
1.938;0;1.938
1.325;0;1.325
1.338;0;1.338
1.313;0;1.313
1.338;0;1.338
1.3;0;1.3
1.313;0;1.313
1.288;0;1.288
1.325;0;1.325
1.288;0;1.288
1.325;0;1.325
1.313;0;1.313
1.288;0;1.288
1.4;0;1.4
1.325;0;1.325
1.325;0;1.325
1.375;0;1.375
1.325;0;1.325
1.313;0;1.313
1.3;0;1.3
1.3;0;1.3
1.313;0;1.313
1.3;0;1.3
1.313;0;1.313
1.338;0;1.338
1.3;0;1.3
1.313;0;1.313
1.325;0;1.325
1.375;0;1.375
1.313;0;1.313
1.288;0;1.288
1.313;0;1.313
1.3;0;1.3
1.238;0;1.238
1.238;0;1.238
1.263;0;1.263
1.263;0;1.263
1.275;0;1.275
1.263;0;1.263
1.3;0;1.3
1.263;0;1.263
1.263;0;1.263
1.25;0;1.25
1.35;0;1.35
1.3;0;1.3
1.3;0;1.3
1.263;0;1.263
1.263;0;1.263
1.275;0;1.275
1.325;0;1.325
1.275;0;1.275
1.288;0;1.288
1.3;0;1.3
1.3;0;1.3
1.275;0;1.275
1.125;0;1.125
1.013;0;1.013
0.713;0;0.713
0.625;0;0.625
0.525;0;0.525
0.1;-0.038;0.063
0.113;-0.038;0.075
0;-0.438;-0.438
0.013;-0.188;-0.175
0.013;-0.238;-0.225
0;-0.45;-0.45
0;-0.95;-0.95
0;-1.413;-1.413
0;-0.813;-0.813
0;-1.663;-1.663
0;-4.338;-4.338
0;-6.25;-6.25
0;-5.113;-5.113
0;-3.113;-3.113
0;-1.588;-1.588
0;-1.55;-1.55
0;-2.688;-2.688
0;-3.4;-3.4
0;-3.913;-3.913
0;-2.413;-2.413
0;-1.563;-1.563
0;-0.763;-0.763
0;-0.675;-0.675
0;-0.913;-0.913
0;-0.788;-0.788
0;-0.513;-0.513
0.163;-0.025;0.138
0.425;0;0.425
0.538;0;0.538
0.85;0;0.85
1.038;0;1.038
1.238;0;1.238
1.263;0;1.263
1.275;0;1.275
1.3;0;1.3
1.275;0;1.275
1.338;0;1.338
1.313;0;1.313
1.325;0;1.325
1.325;0;1.325
1.3;0;1.3
1.388;0;1.388
1.338;0;1.338
1.3;0;1.3
1.313;0;1.313
1.288;0;1.288
1.313;0;1.313
1.313;0;1.313
1.325;0;1.325
1.288;0;1.288
1.3;0;1.3
1.313;0;1.313
1.35;0;1.35
1.313;0;1.313
1.313;0;1.313
1.313;0;1.313
1.363;0;1.363
1.3;0;1.3
1.325;0;1.325
1.338;0;1.338
1.3;0;1.3
1.3;0;1.3
1.288;0;1.288
1.313;0;1.313
1.275;0;1.275
1.3;0;1.3
1.3;0;1.3
1.363;0;1.363
1.288;0;1.288
1.325;0;1.325
1.438;0;1.438
1.313;0;1.313
1.263;0;1.263
1.275;0;1.275
1.325;0;1.325
1.3;0;1.3
1.288;0;1.288
1.288;0;1.288
1.288;0;1.288
1.313;0;1.313
1.3;0;1.3
1.325;0;1.325
1.338;0;1.338
1.288;0;1.288
1.375;0;1.375
1.288;0;1.288
1.275;0;1.275
1.275;0;1.275
1.3;0;1.3
1.275;0;1.275
1.113;0;1.113
0.688;0;0.688
0.025;-0.225;-0.2
0;-1.063;-1.063
0;-2;-2
0;-2.675;-2.675
0;-3.95;-3.95
0;-4.938;-4.938
0;-6.075;-6.075
0;-7.238;-7.238
0;-5.5;-5.5
0;-7.95;-7.95
0;-8.45;-8.45
0;-9.925;-9.925
0;-10.875;-10.875
0;-11.313;-11.313
0;-11.313;-11.313
0;-12.5;-12.5
0;-11.663;-11.663
0;-12.413;-12.413
0;-10.425;-10.425
0;-14.125;-14.125
0;-11.488;-11.488
0;-10.288;-10.288
0;-7.3;-7.3
0;-10.075;-10.075
0;-11.038;-11.038
0;-9.088;-9.088
0;-6.588;-6.588
0;-6.938;-6.938
0;-6.95;-6.95
0;-6.363;-6.363
0;-5.488;-5.488
0;-4.45;-4.45
0;-3.138;-3.138
0;-1.975;-1.975
0.013;-0.9;-0.888
0.213;-0.088;0.125
1.05;0;1.05
1.35;0;1.35
1.275;0;1.275
1.263;0;1.263
1.288;0;1.288
1.275;0;1.275
1.325;0;1.325
1.313;0;1.313
1.313;0;1.313
1.313;0;1.313
1.3;0;1.3
1.288;0;1.288
1.288;0;1.288
1.325;0;1.325
1.375;0;1.375
1.3;0;1.3
1.275;0;1.275
1.275;0;1.275
1.288;0;1.288
1.275;0;1.275
1.313;0;1.313
1.363;0;1.363
1.325;0;1.325
1.288;0;1.288
1.313;0;1.313
1.3;0;1.3
1.313;0;1.313
1.275;0;1.275
1.4;0;1.4
1.275;0;1.275
1.3;0;1.3
1.288;0;1.288
1.275;0;1.275
1.288;0;1.288
1.3;0;1.3
1.363;0;1.363
1.325;0;1.325
1.313;0;1.313
1.275;0;1.275
1.288;0;1.288
1.275;0;1.275
1.275;0;1.275
1.288;0;1.288
1.4;0;1.4
1.275;0;1.275
1.263;0;1.263
2.5;0;2.5
3.225;0;3.225
3.225;0;3.225
3.038;0;3.038
3.313;0;3.313
3.288;0;3.288
3.263;0;3.263
3.263;0;3.263
3.425;0;3.425
4.2;0;4.2
4.275;0;4.275
4.188;0;4.188
6.15;0;6.15
6.788;0;6.788
6.238;0;6.238
4.85;0;4.85
3.9;0;3.9
3.613;0;3.613
2.538;0;2.538
0.975;0;0.975
0.188;-0.25;-0.063
0;-1.125;-1.125
0;-1.675;-1.675
0;-2.45;-2.45
0;-4.175;-4.175
0;-5.138;-5.138
0;-5.613;-5.613
0;-7.088;-7.088
0;-7.688;-7.688
0;-8.263;-8.263
0;-8.575;-8.575
0;-8.3;-8.3
0;-8.95;-8.95
0;-7.763;-7.763
0;-8.088;-8.088
0;-7.913;-7.913
0;-7.988;-7.988
0;-7.613;-7.613
0;-7.225;-7.225
0;-6.4;-6.4
0.013;-4.1;-4.088
0;-4.338;-4.338
0;-3.2;-3.2
0;-2.675;-2.675
0;-1.75;-1.75
0;-0.913;-0.913
0.288;-0.15;0.138
1.575;0;1.575
2.825;0;2.825
4.1;0;4.1
4.8;0;4.8
4.438;0;4.438
4.463;0;4.463
4.963;0;4.963
3.813;0;3.813
3.45;0;3.45
3.413;0;3.413
3.4;0;3.4
3.4;0;3.4
3.513;0;3.513
3.675;0;3.675
3.4;0;3.4
3.338;0;3.338
3.363;0;3.363
3.35;0;3.35
3.338;0;3.338
3.325;0;3.325
3.338;0;3.338
3.363;0;3.363
3.4;0;3.4
3.4;0;3.4
3.438;0;3.438
3.438;0;3.438
3.338;0;3.338
3.225;0;3.225
3.313;0;3.313
3.325;0;3.325
3.325;0;3.325
3.35;0;3.35
3.288;0;3.288
3.288;0;3.288
3.3;0;3.3
3.325;0;3.325
3.3;0;3.3
3.313;0;3.313
3.388;0;3.388
3.35;0;3.35
3.313;0;3.313
3.3;0;3.3
3.388;0;3.388
3.288;0;3.288
3.3;0;3.3
3.275;0;3.275
3.338;0;3.338
3.3;0;3.3
3.313;0;3.313
3.325;0;3.325
3.313;0;3.313
3.313;0;3.313
3.325;0;3.325
3.35;0;3.35
3.388;0;3.388
3.35;0;3.35
3.313;0;3.313
3.675;0;3.675
4.15;0;4.15
4.125;0;4.125
4.063;0;4.063
5.725;0;5.725
6.575;0;6.575
5.838;0;5.838
5.275;0;5.275
3.813;0;3.813
2.313;0;2.313
1.475;0;1.475
0.463;-0.088;0.375
1.425;-0.238;1.188
0.3;-1.075;-0.775
0.013;-0.863;-0.85
0.013;-2.65;-2.638
0;-4.988;-4.988
0;-5.325;-5.325
0;-6.263;-6.263
0;-7.375;-7.375
0;-7.8;-7.8
0;-6.85;-6.85
0;-8.3;-8.3
0;-8.775;-8.775
0;-8.925;-8.925
0;-8.95;-8.95
0;-8.588;-8.588
0;-8.613;-8.613
0;-8.65;-8.65
0;-8.263;-8.263
0;-7.988;-7.988
0;-7.438;-7.438
0;-6.175;-6.175
1.075;-0.638;0.438
0.975;-0.163;0.813
1.213;0;1.213
1.2;-0.013;1.188
0.6;-0.25;0.35
0.35;-1.063;-0.713
0.25;-0.35;-0.1
1.925;0;1.925
3.713;0;3.713
4.888;0;4.888
4.988;0;4.988
4.175;0;4.175
3.675;0;3.675
3.625;0;3.625
3.875;0;3.875
4.225;0;4.225
3.9;0;3.9
3.325;0;3.325
3.325;0;3.325
3.325;0;3.325
3.363;0;3.363
3.35;0;3.35
3.338;0;3.338
3.288;0;3.288
3.313;0;3.313
3.288;0;3.288
3.3;0;3.3
3.288;0;3.288
3.3;0;3.3
3.388;0;3.388
3.325;0;3.325
3.363;0;3.363
3.288;0;3.288
3.313;0;3.313
3.313;0;3.313
3.3;0;3.3
3.3;0;3.3
3.338;0;3.338
3.288;0;3.288
3.313;0;3.313
3.288;0;3.288
3.263;0;3.263
3.275;0;3.275
3.35;0;3.35
3.288;0;3.288
3.325;0;3.325
3.288;0;3.288
3.3;0;3.3
3.3;0;3.3
3.3;0;3.3
3.313;0;3.313
3.275;0;3.275
3.275;0;3.275
3.3;0;3.3
3.288;0;3.288
3.275;0;3.275
3.263;0;3.263
3.275;0;3.275
3.325;0;3.325
3.338;0;3.338
3.313;0;3.313
3.3;0;3.3
3.288;0;3.288
3.563;0;3.563
4.275;0;4.275
4.263;0;4.263
4.125;0;4.125
3.888;0;3.888
3.825;0;3.825
3.075;0;3.075
3.263;0;3.263
0.375;-0.213;0.163
0.038;-0.475;-0.438
0.025;-0.913;-0.888
0;-1.9;-1.9
0;-1.15;-1.15
0;-1.688;-1.688
0;-1.438;-1.438
0.225;-1.013;-0.788
0.038;-2.038;-2
0;-0.513;-0.513
0;-1.713;-1.713
0;-4.488;-4.488
0;-4.925;-4.925
0;-6.175;-6.175
0;-3.413;-3.413
0;-3.85;-3.85
0;-3.525;-3.525
0;-2.538;-2.538
0;-2.825;-2.825
0;-1.4;-1.4
0;-1.888;-1.888
0;-2.788;-2.788
0;-5.875;-5.875
0;-5.975;-5.975
0;-4.088;-4.088
0;-3.538;-3.538
0;-1.388;-1.388
0;-2.138;-2.138
0.175;-0.513;-0.338
1.213;0;1.213
2.188;0;2.188
3.313;0;3.313
3.75;0;3.75
4.063;0;4.063
4.288;0;4.288
4.688;0;4.688
4.6;0;4.6
4.288;0;4.288
4.225;0;4.225
4.025;0;4.025
3.75;0;3.75
3.725;0;3.725
3.713;0;3.713
3.725;0;3.725
3.813;0;3.813
3.4;0;3.4
3.413;0;3.413
3.413;0;3.413
3.613;0;3.613
3.825;0;3.825
3.613;0;3.613
3.4;0;3.4
3.413;0;3.413
3.325;0;3.325
3.25;0;3.25
3.275;0;3.275
3.275;0;3.275
3.313;0;3.313
3.288;0;3.288
3.288;0;3.288
3.388;0;3.388
3.35;0;3.35
3.263;0;3.263
3.263;0;3.263
3.25;0;3.25
3.263;0;3.263
3.263;0;3.263
3.25;0;3.25
3.263;0;3.263
3.288;0;3.288
3.275;0;3.275
3.25;0;3.25
3.288;0;3.288
3.288;0;3.288
3.35;0;3.35
3.35;0;3.35
3.288;0;3.288
3.25;0;3.25
3.263;0;3.263
3.25;0;3.25
3.25;0;3.25
3.288;0;3.288
3.275;0;3.275
3.25;0;3.25
3.288;0;3.288
3.288;0;3.288
3.3;0;3.3
3.3;0;3.3
3.613;0;3.613
4.238;0;4.238
4.2;0;4.2
4.188;0;4.188
4.8;0;4.8
6.425;0;6.425
6.5;0;6.5
7.425;0;7.425
6.9;0;6.9
4.388;0;4.388
4.475;0;4.475
4.063;0;4.063
3.438;0;3.438
2.875;0;2.875
3.05;0;3.05
1.25;-0.5;0.75
1.075;-0.85;0.225
0;-2.975;-2.975
0;-3.738;-3.738
0.1;-0.3;-0.2
0.225;-0.575;-0.35
1.063;-0.075;0.988
1.7;0;1.7
1.088;0;1.088
1.488;0;1.488
2.288;0;2.288
2.238;0;2.238
3.888;0;3.888
4;0;4
3.363;0;3.363
3.125;0;3.125
3.288;0;3.288
3.888;0;3.888
3.525;0;3.525
4.475;0;4.475
4.25;0;4.25
4.813;0;4.813
4.613;0;4.613
4.675;0;4.675
4.188;0;4.188
4.288;0;4.288
4.288;0;4.288
4.45;0;4.45
4.163;0;4.163
3.625;0;3.625
3.888;0;3.888
3.763;0;3.763
3.813;0;3.813
3.913;0;3.913
3.375;0;3.375
3.375;0;3.375
3.375;0;3.375
3.338;0;3.338
3.325;0;3.325
3.338;0;3.338
3.338;0;3.338
3.325;0;3.325
3.425;0;3.425
3.325;0;3.325
3.35;0;3.35
3.363;0;3.363
3.313;0;3.313
3.263;0;3.263
3.25;0;3.25
3.25;0;3.25
3.275;0;3.275
3.238;0;3.238
3.225;0;3.225
3.213;0;3.213
3.225;0;3.225
3.238;0;3.238
3.238;0;3.238
3.263;0;3.263
3.275;0;3.275
3.338;0;3.338
3.238;0;3.238
3.238;0;3.238
3.213;0;3.213
3.213;0;3.213
3.225;0;3.225
3.238;0;3.238
3.275;0;3.275
3.188;0;3.188
3.213;0;3.213
3.238;0;3.238
3.225;0;3.225
3.213;0;3.213
3.25;0;3.25
3.288;0;3.288
3.288;0;3.288
3.238;0;3.238
3.275;0;3.275
3.225;0;3.225
3.213;0;3.213
3.2;0;3.2
3.225;0;3.225
3.488;0;3.488
4.213;0;4.213
4.175;0;4.175
4.1;0;4.1
3.838;0;3.838
3.525;0;3.525
3.238;0;3.238
2.95;0;2.95
2.1;0;2.1
1.775;0;1.775
2.113;0;2.113
0.725;-0.038;0.688
0.263;-0.938;-0.675
0.138;-2.513;-2.375
0;-3.488;-3.488
0;-4;-4
0;-5.513;-5.513
0;-5.925;-5.925
0;-6.75;-6.75
0;-7.263;-7.263
0;-5.575;-5.575
0;-8.113;-8.113
0;-7.2;-7.2
0;-8.4;-8.4
0;-7.788;-7.788
0;-7.2;-7.2
0;-7.188;-7.188
0;-6.488;-6.488
0;-5.038;-5.038
0;-4.35;-4.35
0;-4.163;-4.163
0;-3.138;-3.138
0;-3.175;-3.175
0.013;-0.638;-0.625
0.263;-0.2;0.063
0.675;-0.15;0.525
1.663;0;1.663
2.638;0;2.638
3.238;0;3.238
3.563;0;3.563
3.838;0;3.838
4.013;0;4.013
4.2;0;4.2
4.275;0;4.275
4.663;0;4.663
4.375;0;4.375
4.238;0;4.238
3.4;0;3.4
3.213;0;3.213
3.188;0;3.188
3.188;0;3.188
3.175;0;3.175
3.213;0;3.213
3.2;0;3.2
3.238;0;3.238
3.288;0;3.288
3.225;0;3.225
3.213;0;3.213
3.188;0;3.188
3.238;0;3.238
3.163;0;3.163
3.2;0;3.2
3.25;0;3.25
3.175;0;3.175
3.138;0;3.138
3.225;0;3.225
3.238;0;3.238
3.238;0;3.238
3.238;0;3.238
3.238;0;3.238
3.313;0;3.313
3.238;0;3.238
3.338;0;3.338
3.2;0;3.2
3.213;0;3.213
3.288;0;3.288
3.2;0;3.2
3.213;0;3.213
3.25;0;3.25
3.225;0;3.225
3.213;0;3.213
3.25;0;3.25
3.213;0;3.213
3.225;0;3.225
3.213;0;3.213
3.188;0;3.188
3.188;0;3.188
3.188;0;3.188
3.263;0;3.263
3.188;0;3.188
3.188;0;3.188
3.263;0;3.263
3.225;0;3.225
3.213;0;3.213
3.213;0;3.213
3.213;0;3.213
3.263;0;3.263
3.225;0;3.225
3.2;0;3.2
3.2;0;3.2
3.175;0;3.175
3.113;0;3.113
2.988;0;2.988
2.9;0;2.9
2.7;0;2.7
2.563;0;2.563
2.538;0;2.538
2.475;0;2.475
2.05;0;2.05
2.3;0;2.3
2.125;0;2.125
2.1;0;2.1
1.463;0;1.463
1.125;0;1.125
1.488;0;1.488
1.75;0;1.75
1.363;0;1.363
0.175;-0.225;-0.05
0.038;-0.35;-0.313
0;-1.45;-1.45
0.313;-0.263;0.05
1.175;0;1.175
1.325;0;1.325
1.75;0;1.75
1.413;0;1.413
1.975;0;1.975
2.175;0;2.175
1.825;0;1.825
2.05;0;2.05
2.225;0;2.225
2.238;0;2.238
2.938;0;2.938
2.25;0;2.25
2.313;0;2.313
2.65;0;2.65
2.763;0;2.763
3.05;0;3.05
3.063;0;3.063
3.125;0;3.125
3.225;0;3.225
3.213;0;3.213
3.238;0;3.238
3.238;0;3.238
3.25;0;3.25
3.25;0;3.25
3.288;0;3.288
3.275;0;3.275
3.25;0;3.25
3.263;0;3.263
3.3;0;3.3
3.25;0;3.25
3.25;0;3.25
3.25;0;3.25
3.225;0;3.225
3.25;0;3.25
3.238;0;3.238
3.288;0;3.288
3.25;0;3.25
3.275;0;3.275
3.275;0;3.275
3.25;0;3.25
3.25;0;3.25
3.225;0;3.225
3.25;0;3.25
3.275;0;3.275
3.313;0;3.313
3.25;0;3.25
3.225;0;3.225
3.25;0;3.25
3.25;0;3.25
3.263;0;3.263
3.263;0;3.263
3.288;0;3.288
3.25;0;3.25
3.213;0;3.213
3.2;0;3.2
3.25;0;3.25
3.25;0;3.25
3.225;0;3.225
3.25;0;3.25
3.225;0;3.225
3.238;0;3.238
3.3;0;3.3
3.25;0;3.25
3.263;0;3.263
3.263;0;3.263
3.263;0;3.263
3.263;0;3.263
3.225;0;3.225
3.238;0;3.238
3.288;0;3.288
3.25;0;3.25
3.25;0;3.25
3.225;0;3.225
3.275;0;3.275
3.325;0;3.325
3.313;0;3.313
3.175;0;3.175
3.113;0;3.113
3.013;0;3.013
2.788;0;2.788
2.475;0;2.475
2.213;0;2.213
1.938;0;1.938
1.688;0;1.688
1.063;0;1.063
0.05;-0.75;-0.7
0.038;-1.45;-1.413
0;-8.5;-8.5
0;-6.925;-6.925
0;-8.475;-8.475
0;-4.425;-4.425
0;-10.338;-10.338
0;-10.4;-10.4
0;-10.625;-10.625
0;-10.55;-10.55
0;-9.6;-9.6
0;-9.913;-9.913
0;-9.75;-9.75
0;-8.95;-8.95
0;-6.25;-6.25
0;-6.675;-6.675
0;-8.038;-8.038
0;-4.213;-4.213
0;-6.163;-6.163
0;-6.888;-6.888
0;-5.1;-5.1
0;-3.4;-3.4
0.013;-2.138;-2.125
0.05;-1.8;-1.75
0.438;-0.125;0.313
0.563;-0.35;0.213
2.038;0;2.038
2.488;0;2.488
3.05;0;3.05
3.175;0;3.175
3.263;0;3.263
3.263;0;3.263
3.275;0;3.275
3.263;0;3.263
3.263;0;3.263
3.3;0;3.3
3.263;0;3.263
3.25;0;3.25
3.263;0;3.263
3.263;0;3.263
3.288;0;3.288
3.313;0;3.313
3.288;0;3.288
3.288;0;3.288
3.288;0;3.288
3.288;0;3.288
3.263;0;3.263
3.225;0;3.225
3.213;0;3.213
3.238;0;3.238
3.25;0;3.25
3.25;0;3.25
3.238;0;3.238
3.263;0;3.263
3.275;0;3.275
3.25;0;3.25
3.238;0;3.238
3.213;0;3.213
3.25;0;3.25
3.263;0;3.263
3.213;0;3.213
3.225;0;3.225
3.288;0;3.288
3.225;0;3.225
3.238;0;3.238
3.225;0;3.225
3.3;0;3.3
3.263;0;3.263
3.263;0;3.263
3.25;0;3.25
3.213;0;3.213
3.225;0;3.225
3.238;0;3.238
3.225;0;3.225
3.25;0;3.25
3.225;0;3.225
3.225;0;3.225
3.263;0;3.263
3.338;0;3.338
3.25;0;3.25
3.238;0;3.238
3.263;0;3.263
3.75;0;3.75
4.113;0;4.113
4.175;0;4.175
4.163;0;4.163
4.225;0;4.225
4.413;0;4.413
4.55;0;4.55
5.788;0;5.788
6.438;0;6.438
6.313;0;6.313
6.4;0;6.4
6.513;0;6.513
6.363;0;6.363
5.975;0;5.975
4;0;4
3.138;0;3.138
4.713;0;4.713
5.613;0;5.613
6.125;0;6.125
6.313;0;6.313
6.1;0;6.1
5.838;0;5.838
6.188;0;6.188
6.088;0;6.088
5.488;0;5.488
6.338;0;6.338
6.6;0;6.6
6.5;0;6.5
6.188;0;6.188
6.163;0;6.163
5.388;0;5.388
3.838;0;3.838
3.913;0;3.913
3.963;0;3.963
4.825;0;4.825
6.238;0;6.238
6.013;0;6.013
6.088;0;6.088
5.55;0;5.55
5.613;0;5.613
5.175;0;5.175
4.788;0;4.788
4.163;0;4.163
3.9;0;3.9
4.338;0;4.338
4.475;0;4.475
4.163;0;4.163
4.575;0;4.575
6.25;0;6.25
6.225;0;6.225
6.238;0;6.238
6.2;0;6.2
6.25;0;6.25
4.038;0;4.038
3.3;0;3.3
3.313;0;3.313
3.313;0;3.313
3.338;0;3.338
3.363;0;3.363
3.313;0;3.313
3.325;0;3.325
3.325;0;3.325
3.325;0;3.325
3.288;0;3.288
3.3;0;3.3
3.325;0;3.325
3.338;0;3.338
3.288;0;3.288
3.363;0;3.363
3.313;0;3.313
3.338;0;3.338
3.325;0;3.325
3.3;0;3.3
3.313;0;3.313
3.313;0;3.313
3.275;0;3.275
3.213;0;3.213
3.213;0;3.213
3.238;0;3.238
3.225;0;3.225
3.188;0;3.188
3.225;0;3.225
3.225;0;3.225
3.275;0;3.275
3.288;0;3.288
3.263;0;3.263
3.25;0;3.25
3.238;0;3.238
3.225;0;3.225
3.225;0;3.225
3.225;0;3.225
3.263;0;3.263
3.263;0;3.263
3.238;0;3.238
3.25;0;3.25
3.275;0;3.275
3.563;0;3.563
4.175;0;4.175
4.15;0;4.15
3.938;0;3.938
3.913;0;3.913
4.025;0;4.025
4.15;0;4.15
5.05;0;5.05
5.65;0;5.65
4.925;0;4.925
3.688;0;3.688
3.675;0;3.675
3.338;0;3.338
2.7;0;2.7
1.488;-0.413;1.075
1.675;-0.025;1.65
1.338;-0.063;1.275
1.225;-0.3;0.925
0.65;-0.788;-0.138
0.4;-0.338;0.063
1.275;0;1.275
2.538;0;2.538
3.213;0;3.213
1.963;-0.038;1.925
1.275;-0.1;1.175
3.425;0;3.425
1.263;-0.113;1.15
1.8;-0.025;1.775
1.65;0;1.65
3.35;0;3.35
2.963;0;2.963
0.938;-0.788;0.15
0;-4.1;-4.1
1.563;0;1.563
2.513;0;2.513
2.688;0;2.688
3.363;0;3.363
3.913;0;3.913
4.213;0;4.213
4.8;0;4.8
4.838;0;4.838
4.35;0;4.35
4.5;0;4.5
4.85;0;4.85
4.788;0;4.788
4.238;0;4.238
4.088;0;4.088
3.85;0;3.85
3.825;0;3.825
4.15;0;4.15
4.425;0;4.425
5.238;0;5.238
6.363;0;6.363
6.25;0;6.25
6.263;0;6.263
6.213;0;6.213
6.175;0;6.175
5.425;0;5.425
3.313;0;3.313
3.313;0;3.313
3.338;0;3.338
3.325;0;3.325
3.288;0;3.288
3.3;0;3.3
3.313;0;3.313
3.313;0;3.313
3.313;0;3.313
3.313;0;3.313
3.313;0;3.313
3.288;0;3.288
3.3;0;3.3
3.3;0;3.3
3.263;0;3.263
3.313;0;3.313
3.325;0;3.325
3.288;0;3.288
3.3;0;3.3
3.388;0;3.388
3.338;0;3.338
3.3;0;3.3
3.3;0;3.3
3.3;0;3.3
3.313;0;3.313
3.325;0;3.325
3.313;0;3.313
3.288;0;3.288
3.3;0;3.3
3.263;0;3.263
3.275;0;3.275
3.263;0;3.263
3.288;0;3.288
3.3;0;3.3
3.325;0;3.325
3.325;0;3.325
3.413;0;3.413
3.3;0;3.3
3.313;0;3.313
4.138;0;4.138
4.263;0;4.263
4.175;0;4.175
3.938;0;3.938
3.325;0;3.325
4.213;0;4.213
4.438;0;4.438
3.225;0;3.225
1.85;0;1.85
0;-1.725;-1.725
0;-2.825;-2.825
0;-3.913;-3.913
0;-5.125;-5.125
0;-5.975;-5.975
0;-7.125;-7.125
0;-8.013;-8.013
0;-8.388;-8.388
0;-8.725;-8.725
0;-8.875;-8.875
0.1;-8.188;-8.088
0.2;-7.888;-7.688
0.313;-5.675;-5.363
0.475;-7.863;-7.388
0.338;-6.125;-5.788
1.15;-2.888;-1.738
0.15;-8.625;-8.475
0.025;-10.138;-10.113
1.563;-4.138;-2.575
0.175;-8.45;-8.275
0.638;-6.775;-6.138
0.25;-7.3;-7.05
0.388;-4.95;-4.563
1.95;-0.025;1.925
0.488;-0.625;-0.138
0.138;-2.275;-2.138
0.113;-1.513;-1.4
2.738;0;2.738
2.863;0;2.863
3.175;0;3.175
5.413;0;5.413
6.038;0;6.038
6.088;0;6.088
6.575;0;6.575
2.675;0;2.675
2.15;0;2.15
1.488;0;1.488
0.675;0;0.675
0.663;0;0.663
0.688;0;0.688
0.775;0;0.775
0.675;0;0.675
0.725;0;0.725
0.65;0;0.65
0.725;0;0.725
0.663;0;0.663
0.663;0;0.663
0.675;0;0.675
0.675;0;0.675
0.663;0;0.663
0.713;0;0.713
0.65;0;0.65
0.65;0;0.65
0.663;0;0.663
0.713;0;0.713
0.763;0;0.763
0.663;0;0.663
0.7;0;0.7
0.65;0;0.65
0.663;0;0.663
0.663;0;0.663
0.675;0;0.675
0.663;0;0.663
0.675;0;0.675
0.675;0;0.675
0.7;0;0.7
0.65;0;0.65
0.675;0;0.675
0.663;0;0.663
0.663;0;0.663
0.725;0;0.725
0.675;0;0.675
0.663;0;0.663
0.688;0;0.688
0.65;0;0.65
0.688;0;0.688
0.638;0;0.638
0.65;0;0.65
2.338;0;2.338
3.163;0;3.163
3.238;0;3.238
3.213;0;3.213
3.213;0;3.213
3.225;0;3.225
3.225;0;3.225
3.275;0;3.275
3.263;0;3.263
4.175;0;4.175
4.2;0;4.2
4.05;0;4.05
4.075;0;4.075
5.025;0;5.025
6.6;0;6.6
6.063;0;6.063
4.3;0;4.3
3.138;0;3.138
3.263;0;3.263
3.038;0;3.038
3.888;0;3.888
3.213;0;3.213
2.725;0;2.725
4.05;0;4.05
3.238;0;3.238
1.288;-0.375;0.913
1.4;-0.375;1.025
1.825;-0.363;1.463
2.075;-0.163;1.913
1.388;-0.463;0.925
0.038;-3.688;-3.65
0.088;-2.425;-2.338
4.675;0;4.675
3.775;0;3.775
1.55;-3.538;-1.988
1.25;-4.713;-3.463
0.263;-0.863;-0.6
0.325;-1.113;-0.788
0;-7.013;-7.013
1.2;-2.525;-1.325
3.175;0;3.175
5.063;0;5.063
4.963;0;4.963
5.113;0;5.113
4.813;0;4.813
3.2;0;3.2
4.738;0;4.738
4.5;0;4.5
4.325;0;4.325
4.738;0;4.738
5.075;0;5.075
4.988;0;4.988
5.188;0;5.188
4.763;0;4.763
4.95;0;4.95
4.3;0;4.3
4.363;0;4.363
4.25;0;4.25
3.375;0;3.375
3.375;0;3.375
3.325;0;3.325
4.888;0;4.888
6.2;0;6.2
6.275;0;6.275
6.213;0;6.213
6.225;0;6.225
6.2;0;6.2
4.063;0;4.063
3.338;0;3.338
3.313;0;3.313
3.288;0;3.288
3.338;0;3.338
3.313;0;3.313
3.375;0;3.375
3.313;0;3.313
3.363;0;3.363
3.338;0;3.338
3.313;0;3.313
3.313;0;3.313
3.413;0;3.413
3.313;0;3.313
3.325;0;3.325
3.313;0;3.313
3.325;0;3.325
3.338;0;3.338
3.313;0;3.313
3.325;0;3.325
3.313;0;3.313
3.313;0;3.313
3.338;0;3.338
3.313;0;3.313
3.338;0;3.338
3.313;0;3.313
3.288;0;3.288
3.363;0;3.363
3.288;0;3.288
3.338;0;3.338
3.313;0;3.313
3.338;0;3.338
3.325;0;3.325
3.363;0;3.363
3.325;0;3.325
3.338;0;3.338
3.338;0;3.338
3.513;0;3.513
4.25;0;4.25
4.2;0;4.2
3.8;0;3.8
3.8;0;3.8
4.438;0;4.438
5.738;0;5.738
5.638;0;5.638
5.163;0;5.163
3.9;0;3.9
4.225;0;4.225
4.988;0;4.988
5.288;0;5.288
4.038;0;4.038
5.313;0;5.313
3.55;-0.013;3.538
4.738;0;4.738
4.588;0;4.588
1.513;-1.3;0.213
0.888;-0.788;0.1
2;-1.238;0.763
0;-7.3;-7.3
2.038;-1.163;0.875
3.013;0;3.013
3.85;0;3.85
2.1;-0.613;1.488
1.838;-0.4;1.438
0.813;-0.75;0.063
0.6;0;0.6
0.175;-0.1;0.075
0.45;-0.188;0.263
0.538;0;0.538
2.2;0;2.2
1.888;0;1.888
1.125;-0.113;1.013
0.05;-5.738;-5.688
0.088;-3.988;-3.9
0.213;-2.363;-2.15
1.213;-0.163;1.05
1.213;-0.213;1
1.063;-0.438;0.625
3.038;0;3.038
3.225;0;3.225
3.838;0;3.838
4.075;0;4.075
3.675;0;3.675
3.625;0;3.625
3.675;0;3.675
3.65;0;3.65
3.663;0;3.663
3.65;0;3.65
3.638;0;3.638
3.625;0;3.625
3.625;0;3.625
3.638;0;3.638
3.725;0;3.725
3.675;0;3.675
3.675;0;3.675
3.663;0;3.663
3.65;0;3.65
3.638;0;3.638
3.638;0;3.638
3.713;0;3.713
3.688;0;3.688
3.613;0;3.613
3.625;0;3.625
3.625;0;3.625
3.613;0;3.613
3.613;0;3.613
3.625;0;3.625
3.713;0;3.713
3.625;0;3.625
3.663;0;3.663
3.625;0;3.625
3.638;0;3.638
3.625;0;3.625
3.6;0;3.6
3.6;0;3.6
3.588;0;3.588
3.363;0;3.363
3.388;0;3.388
3.338;0;3.338
3.375;0;3.375
3.375;0;3.375
3.363;0;3.363
3.338;0;3.338
3.338;0;3.338
3.463;0;3.463
3.325;0;3.325
3.338;0;3.338
3.35;0;3.35
3.338;0;3.338
3.363;0;3.363
3.325;0;3.325
3.35;0;3.35
3.4;0;3.4
3.363;0;3.363
3.35;0;3.35
3.35;0;3.35
3.175;0;3.175
2.975;0;2.975
2.788;0;2.788
2.575;0;2.575
2.263;0;2.263
1.675;0;1.675
1.513;0;1.513
0.725;0;0.725
1.163;0;1.163
1.05;0;1.05
0.263;-0.313;-0.05
0.013;-0.438;-0.425
0.1;-0.038;0.063
0;-0.825;-0.825
0;-1.475;-1.475
0.013;-0.175;-0.163
0;-0.613;-0.613
0.575;-5.288;-4.713
0;-12.513;-12.513
0;-8.113;-8.113
0;-8.013;-8.013
0;-8;-8
0;-9.2;-9.2
0;-4.75;-4.75
0;-9.025;-9.025
0;-2.45;-2.45
0;-0.5;-0.5
0.013;-0.363;-0.35
0.475;0;0.475
0.075;-3.775;-3.7
0.013;-0.525;-0.513
0;-5.175;-5.175
0;-6.275;-6.275
0.063;-4.263;-4.2
0;-4.163;-4.163
0;-3.325;-3.325
0;-2.413;-2.413
0;-1.4;-1.4
0.275;-0.163;0.113
1.3;0;1.3
2.463;0;2.463
3.225;0;3.225
3.388;0;3.388
3.4;0;3.4
3.388;0;3.388
3.4;0;3.4
3.413;0;3.413
3.388;0;3.388
3.375;0;3.375
3.375;0;3.375
3.425;0;3.425
3.388;0;3.388
3.4;0;3.4
3.388;0;3.388
3.363;0;3.363
3.363;0;3.363
3.375;0;3.375
3.4;0;3.4
3.425;0;3.425
3.35;0;3.35
3.375;0;3.375
3.363;0;3.363
3.363;0;3.363
3.363;0;3.363
3.375;0;3.375
3.388;0;3.388
3.463;0;3.463
3.35;0;3.35
3.388;0;3.388
3.388;0;3.388
3.375;0;3.375
3.363;0;3.363
3.338;0;3.338
3.4;0;3.4
3.338;0;3.338
3.413;0;3.413
3.35;0;3.35
3.363;0;3.363
3.35;0;3.35
3.325;0;3.325
3.375;0;3.375
3.475;0;3.475
3.375;0;3.375
3.35;0;3.35
3.338;0;3.338
3.363;0;3.363
3.363;0;3.363
3.338;0;3.338
3.388;0;3.388
3.363;0;3.363
3.35;0;3.35
3.363;0;3.363
3.35;0;3.35
3.388;0;3.388
3.4;0;3.4
3.238;0;3.238
2.95;0;2.95
2.575;0;2.575
2.25;0;2.25
1.288;0;1.288
0.2;-0.188;0.013
0.025;-0.275;-0.25
0;-1.588;-1.588
0;-3.438;-3.438
0;-5.175;-5.175
0;-6.538;-6.538
0;-7.588;-7.588
0;-8.525;-8.525
0;-9.463;-9.463
0;-10.413;-10.413
0;-10.85;-10.85
0;-11.5;-11.5
0.138;-6.063;-5.925
0;-14;-14
0;-10.088;-10.088
0;-9.55;-9.55
0;-11.65;-11.65
0;-11.563;-11.563
0;-11.588;-11.588
0;-11.263;-11.263
0;-11.275;-11.275
0;-10.975;-10.975
0;-10.738;-10.738
0;-10.325;-10.325
0;-9;-9
0;-8.388;-8.388
0;-7.575;-7.575
0;-7.063;-7.063
0;-6.388;-6.388
0;-5.9;-5.9
0;-4.413;-4.413
0;-3.413;-3.413
0;-2.45;-2.45
0;-1.475;-1.475
0.125;-0.338;-0.213
1.025;0;1.025
2.15;0;2.15
3.038;0;3.038
3.275;0;3.275
3.25;0;3.25
3.275;0;3.275
3.288;0;3.288
3.325;0;3.325
3.425;0;3.425
3.325;0;3.325
3.313;0;3.313
3.288;0;3.288
3.275;0;3.275
3.288;0;3.288
3.263;0;3.263
3.313;0;3.313
3.3;0;3.3
3.275;0;3.275
3.263;0;3.263
3.275;0;3.275
3.313;0;3.313
3.375;0;3.375
3.313;0;3.313
3.263;0;3.263
3.363;0;3.363
3.263;0;3.263
3.275;0;3.275
3.275;0;3.275
3.3;0;3.3
3.275;0;3.275
3.288;0;3.288
3.263;0;3.263
3.288;0;3.288
3.3;0;3.3
3.288;0;3.288
3.288;0;3.288
3.275;0;3.275
3.3;0;3.3
3.25;0;3.25
3.338;0;3.338
3.275;0;3.275
3.263;0;3.263
3.25;0;3.25
3.238;0;3.238
3.288;0;3.288
3.288;0;3.288
3.338;0;3.338
3.288;0;3.288
3.288;0;3.288
3.288;0;3.288
3.275;0;3.275
3.263;0;3.263
3.263;0;3.263
3.325;0;3.325
3.675;0;3.675
4.238;0;4.238
4.05;0;4.05
3.713;0;3.713
3.563;0;3.563
2.975;0;2.975
2.175;0;2.175
3.063;0;3.063
2.325;0;2.325
0.9;0;0.9
0.438;-0.088;0.35
0;-1;-1
0;-2.313;-2.313
0;-3.438;-3.438
0;-4.525;-4.525
0;-5.45;-5.45
0;-6.413;-6.413
0;-7.725;-7.725
0;-9.225;-9.225
0;-9.913;-9.913
0;-10.45;-10.45
0;-10.513;-10.513
0;-9.713;-9.713
0;-9.475;-9.475
0;-9.475;-9.475
0;-8.7;-8.7
0;-8.938;-8.938
0;-8.738;-8.738
0;-8.913;-8.913
0;-8.85;-8.85
0;-8.675;-8.675
0;-8.038;-8.038
0;-7.4;-7.4
0;-6.725;-6.725
0;-5.838;-5.838
0;-4.588;-4.588
0;-3.563;-3.563
0;-2.013;-2.013
0.7;-0.088;0.613
1.988;0;1.988
2.538;0;2.538
3.525;0;3.525
4.063;0;4.063
3.263;0;3.263
4.238;0;4.238
4.225;0;4.225
4.05;0;4.05
4.025;0;4.025
3.788;0;3.788
3.8;0;3.8
3.8;0;3.8
3.813;0;3.813
3.775;0;3.775
3.763;0;3.763
3.775;0;3.775
3.775;0;3.775
3.763;0;3.763
3.863;0;3.863
3.775;0;3.775
3.763;0;3.763
3.75;0;3.75
3.75;0;3.75
3.813;0;3.813
3.738;0;3.738
3.763;0;3.763
3.75;0;3.75
3.763;0;3.763
3.788;0;3.788
3.775;0;3.775
3.55;0;3.55
3.275;0;3.275
3.263;0;3.263
3.3;0;3.3
3.3;0;3.3
3.288;0;3.288
3.313;0;3.313
3.288;0;3.288
3.413;0;3.413
3.275;0;3.275
3.263;0;3.263
3.263;0;3.263
3.275;0;3.275
3.263;0;3.263
3.288;0;3.288
3.3;0;3.3
3.275;0;3.275
3.275;0;3.275
3.263;0;3.263
3.275;0;3.275
3.288;0;3.288
3.275;0;3.275
3.275;0;3.275
3.4;0;3.4
3.288;0;3.288
3.3;0;3.3
3.275;0;3.275
3.638;0;3.638
4.238;0;4.238
4.063;0;4.063
3.775;0;3.775
3.675;0;3.675
2.925;0;2.925
2;0;2
1.913;0;1.913
1.763;0;1.763
0.463;-0.063;0.4
0.013;-1.525;-1.513
0;-1.95;-1.95
0;-3.613;-3.613
0;-4.263;-4.263
0;-5.338;-5.338
0;-6.213;-6.213
0;-7.113;-7.113
0;-7.275;-7.275
0;-8.375;-8.375
0;-8.813;-8.813
0;-9.425;-9.425
0;-9.638;-9.638
0;-9.825;-9.825
0;-10;-10
0;-9.888;-9.888
0;-9.438;-9.438
0;-8.95;-8.95
0;-8.925;-8.925
0;-9.35;-9.35
0;-8.725;-8.725
0;-8.413;-8.413
0;-7.9;-7.9
0;-6.925;-6.925
0;-5.888;-5.888
0;-5.775;-5.775
0;-4.95;-4.95
0;-3.938;-3.938
0;-2.538;-2.538
0;-1.263;-1.263
0.075;-0.625;-0.55
0.675;0;0.675
1.613;0;1.613
2.738;0;2.738
3.95;0;3.95
4.6;0;4.6
3.775;0;3.775
3.738;0;3.738
3.425;0;3.425
3.3;0;3.3
3.388;0;3.388
3.263;0;3.263
4.638;0;4.638
6.175;0;6.175
6.175;0;6.175
6.175;0;6.175
6.188;0;6.188
6.15;0;6.15
4.275;0;4.275
3.475;0;3.475
3.4;0;3.4
3.288;0;3.288
3.275;0;3.275
3.263;0;3.263
3.275;0;3.275
3.363;0;3.363
3.325;0;3.325
3.263;0;3.263
3.263;0;3.263
3.263;0;3.263
3.25;0;3.25
3.238;0;3.238
3.263;0;3.263
3.275;0;3.275
3.238;0;3.238
3.275;0;3.275
3.25;0;3.25
3.275;0;3.275
3.263;0;3.263
3.288;0;3.288
3.275;0;3.275
3.375;0;3.375
3.225;0;3.225
3.263;0;3.263
3.238;0;3.238
3.25;0;3.25
3.275;0;3.275
3.263;0;3.263
3.225;0;3.225
3.275;0;3.275
3.25;0;3.25
3.275;0;3.275
3.3;0;3.3
3.263;0;3.263
3.25;0;3.25
3.263;0;3.263
3.288;0;3.288
3.688;0;3.688
4.175;0;4.175
3.925;0;3.925
3.438;0;3.438
3.1;0;3.1
2.338;0;2.338
1.675;0;1.675
0.913;0;0.913
0.5;-0.038;0.462
0;-0.8;-0.8
0;-2.175;-2.175
0;-3.325;-3.325
0;-4.163;-4.163
0;-4.913;-4.913
0;-5.038;-5.038
0;-5.263;-5.263
0;-6.988;-6.988
0;-8.338;-8.338
0;-9.388;-9.388
0;-10.4;-10.4
0;-11.05;-11.05
0;-11.575;-11.575
0;-10.713;-10.713
0;-11.163;-11.163
0;-9.925;-9.925
0;-9.375;-9.375
0;-9.075;-9.075
0;-8.988;-8.988
0;-7.55;-7.55
0;-8.538;-8.538
0;-8.775;-8.775
0;-8.238;-8.238
0;-7.875;-7.875
0;-7.375;-7.375
0;-6.213;-6.213
0;-5.813;-5.813
0;-4.55;-4.55
0;-3.425;-3.425
0;-1.813;-1.813
0;-0.875;-0.875
0.575;-0.075;0.5
1.3;0;1.3
2.538;0;2.538
3.375;0;3.375
4.275;0;4.275
4;0;4
3.338;0;3.338
3.638;0;3.638
3.325;0;3.325
3.313;0;3.313
3.363;0;3.363
3.338;0;3.338
3.313;0;3.313
3.313;0;3.313
3.313;0;3.313
3.338;0;3.338
3.338;0;3.338
3.325;0;3.325
3.375;0;3.375
3.313;0;3.313
3.275;0;3.275
3.275;0;3.275
3.325;0;3.325
3.238;0;3.238
3.25;0;3.25
3.263;0;3.263
3.3;0;3.3
3.238;0;3.238
